Sport,Year,Brand,Set,CardNumber,Player,Team,Parallel_Attributes,Serial,GradingCompany,Grade,CertNumber,IsAuto,Quantity,ListPrice,PricingBasis,CompSource,ConditionNotes,SourcePhoto,ImageURL_pro,MarketplaceStatus
,2023,Panini,Crown Royale Kaboom,4,Ja Morant,Grizzlies,Gold,06/10,PSA,8 NM-MT,95147126,,1,2000.00,comp,Goldin / eBay,Kaboom Gold /10,IMG_4827,,UNLISTED
,1976,Topps,,148,Walter Payton,Bears,,,SGC,8 NM/MT,8203701-020,,1,1500.00,comp,eBay / Steel City / SCI,ROOKIE - key card,IMG_4824,,UNLISTED
,,Donruss,Co-Signers Autographs Printing Plate,,Joe Namath / John Elway,,Cyan Printing Plate,1/1,,,,Y,1,1000.00,comp,n/a - true 1/1,"Dual HOF QB on-card auto, true 1/1 cyan printing plate",IMG_4826,,UNLISTED
,,Topps,Transcendent - Double (Runners Advance 2 Bases),,Cam Smith,Astros,,1/1,,,,Y,1,800.00,comp,n/a - true 1/1,"RC on-card auto, true 1/1, Topps Transcendent (ultra-premium)",IMG_4830,,UNLISTED
,2009-10,Panini,Studio,,Stephen Curry,Warriors,,,,,,Y,1,400.00,comp,Pristine Marketplace / eBay,RC auto; coin authenticator,IMG_4827,,UNLISTED
,2019,Topps,Chrome Update,FT,Fernando Tatis Jr.,Padres,Rookie Debut Auto,,PSA,10 GEM MT,46084057,Y,1,383.00,comp,Sports Card Investor / Card Ladder,RC auto,IMG_4818,,UNLISTED
,,Donruss,Downtown,,Puka Nacua,Rams,Downtown SSP,,,,,,1,320.00,comp,Sports Card Investor,case-hit insert,IMG_4824,,UNLISTED
,,Panini,Quad Autographs,,Esiason/Moon/Simms/Montana,Multi,,10/10,,,,Y,1,240.00,sticker,,4x HOF QB auto /10,IMG_4826,,UNLISTED
,,Panini,NBA Hoops,,Ja Morant,Grizzlies,,,PSA/DNA,Auth Auto,85028881,Y,1,200.00,sticker,,RC auto,IMG_4827,,UNLISTED
,,Panini,Immaculate Collection,,Paul Skenes,Pirates,,65/99,,,,,1,175.00,sticker,,jersey relic,IMG_4828,,UNLISTED
,2023-24,Panini,Phoenix Thrillers,2,Victor Wembanyama,Spurs,Silver,,BGS,8.5 NM-MT+,0018110860,,1,170.00,comp,eBay,RC,IMG_4827,,UNLISTED
,2017,Sage,Hit Premier Draft,5,Patrick Mahomes II,Chiefs,,,PSA,10 GEM MT,66845496,,1,150.00,est,,Rookie (college),IMG_4822,,UNLISTED
,1969,Topps,,51,Gale Sayers,Bears,,,PSA,8 NM-MT (MC),94307073,,1,140.00,comp,PSA APR / eBay,,IMG_4826,,UNLISTED
,,Panini,Immaculate (Batting Gloves),,Noah Schultz,White Sox,Nike swoosh patch,2/5,,,,,1,130.00,sticker,,prospect,IMG_4828,,UNLISTED
,,Donruss,Dominators,22,Christian McCaffrey,Panthers,Printing Plate Cyan,1/1,,,,,1,125.00,sticker,,printing plate; confirm player,IMG_4826,,UNLISTED
,,Panini,Rookies & Stars Airborne Signatures,13,Brock Purdy,49ers,,/99,,,,Y,1,125.00,comp,eBay,RC on-card auto /99 (confirmed auto),IMG_4826,,UNLISTED
,2023,Leaf,Metal Baseball Pre-Production Proof Prismatic Sky,,Pete Rose,Reds,Prismatic Sky,1/1,,,,Y,1,120.00,est,,1/1 auto,IMG_4817,,UNLISTED
,1968,Topps,Rookie Stars,247,Johnny Bench,Reds,,,SGC,1 PR,3505615,,1,100.00,comp,eBay,RC w/ Ron Tompkins,IMG_4818,,UNLISTED
,,Panini,Immaculate Brilliance,,Marek Houston,Twins,,07/10,,,,,1,100.00,sticker,,patch prospect,IMG_4828,,UNLISTED
,,Panini,Immaculate Collection,,James Wood,Nationals,,68/99,,,,Y,1,100.00,sticker,,RC patch auto,IMG_4830,,UNLISTED
,2019-20,Panini,Prizm,249,Ja Morant,Grizzlies,Fast Break Prizm,,PSA,10 GEM MT,46666142,,1,95.00,comp,SportsCardsPro / eBay,Rookie; Layup subset,IMG_4814,,UNLISTED
,,Topps,,89,Brock Bowers,Raiders,,,,,,Y,1,95.00,sticker,,RC patch auto,IMG_4825,,UNLISTED
,2014,Bowman,Platinum ('89 Bowman is Back),89BIB-MT,Mike Trout,Angels,Silver Diamond Refractor,,SGC,9 MT,7594381,,1,95.00,comp,eBay / COMC,facsimile sig,IMG_4901,,UNLISTED
,,Panini,Noir Shadow Signatures,,Cal Ripken Jr.,Orioles,,52/99,,,,Y,1,81.00,sticker,,,IMG_4819,,UNLISTED
,,Panini,Prizm,40,Mike Alstott,Buccaneers,,,,,,Y,1,80.00,sticker,,auto,IMG_4825,,UNLISTED
,,Panini,Spectra Spectacular Swatches,,Jamal Murray,Nuggets,,,,,,Y,1,76.00,sticker,,jersey auto,IMG_4816,,UNLISTED
,1998,Upper Deck,,23,Michael Jordan,Bulls,,,,,,,1,75.00,sticker,,UD insert w/ Penny quote; exact set TBD,IMG_4814,,UNLISTED
,1911,T205,Gold Border,,Michael J. Doolan,Phillies,,,PSA,1 PR,77091495,,1,75.00,comp,eBay / PSA APR,tobacco card,IMG_4818,,UNLISTED
,,Panini,Prospect,,Eli Willits,Nationals,,94/99,,,,Y,1,75.00,sticker,,jersey auto prospect,IMG_4819,,UNLISTED
,,Panini,National Treasures,,Kira Lewis Jr.,Pelicans,,10/25,,,,,1,75.00,sticker,,RC jumbo jersey patch,IMG_4820,,UNLISTED
,,Donruss,Phenom,12,Travis Hunter,Jaguars,,18/99,,,,Y,1,75.00,sticker,,RC patch auto,IMG_4822,,UNLISTED
,,Bowman,Chrome Prospects,,Travis Bazzana,Guardians,Orange,16/25,,,,,1,70.00,sticker,,prospect,IMG_4819,,UNLISTED
,,Panini,Flux,,Jalen Green,,,,PSA/DNA,Auto 10 GEM MT,84566325,Y,1,65.00,sticker,,RC on-card auto,IMG_4814,,UNLISTED
,,Panini/Donruss,Shock Wave,22,Franz Wagner,Magic,,,,,,,1,60.00,sticker,,insert,IMG_4815,,UNLISTED
,2023-24,Panini,Prizm Monopoly,,Victor Wembanyama,Spurs,Silver Prizm,,,,,,1,60.00,sticker,,RC,IMG_4816,,UNLISTED
,2025,Bowman,U Now Black Box,67,Fernando Mendoza,Indiana,,,PSA,10 GEM MT,10004475,,1,60.00,sticker,,college,IMG_4822,,UNLISTED
,2006,Topps,McDonald's All American,B19,Kevin Durant,USA,,,PSA,9 MINT,49006791,,1,60.00,est,,pre-RC HS,IMG_4851,,UNLISTED
,2006,Topps,McDonald's All American,B19,Kevin Durant,USA,,,PSA,9 MINT,49006800,,1,60.00,est,,pre-RC HS (2nd copy),IMG_4851,,UNLISTED
,2024,Topps,Cosmic Chrome Astrologically Aligned,AA-2,Aaron Judge,Yankees,,,SGC,9 MT,4629910,,1,60.00,comp,eBay / SportsCardsPro,,IMG_4901,,UNLISTED
,,Panini,Immaculate Collection,,Wei-En Lin,Athletics,,23/99,,,,Y,1,52.00,sticker,,jersey auto prospect,IMG_4819,,UNLISTED
,1961,Topps,,35,Ron Santo,Cubs,All-Star Rookie,,PSA,4 VG-EX,88486927,,1,50.00,comp,PSA APR,Rookie card,IMG_4817,,UNLISTED
,,Panini,Immaculate Collection,,Konnor Griffin,Pirates,,69/99,,,,,1,50.00,sticker,,jersey relic prospect,IMG_4817,,UNLISTED
,,Panini,Flawless Legendary Memorabilia,,Rickey Henderson,Athletics,,09/20,,,,,1,50.00,sticker,,patch,IMG_4819,,UNLISTED
,2025,Topps,Chrome (Round 1 Pick 10),84,Colston Loveland,Bears,,,,,,Y,1,50.00,sticker,,RC auto,IMG_4824,,UNLISTED
,2024,Topps,Archives Signature Series (2009 A&G buyback),,Scott Rolen,HOF,,07/10,,,,Y,1,50.00,est,,auto /10,IMG_4834,,UNLISTED
,2025,Wild Card,Psyched Alumination,,LaNorris Sellers,South Carolina,,1/3,,,,Y,1,50.00,est,,RC auto /3,IMG_4865,,UNLISTED
,,Wild Card,Card Club,15,Patrick Mahomes,Chiefs,,4/4,,,,,1,50.00,est,,/4,IMG_4874,,UNLISTED
,2025,Wild Card,Alumination,15,Drew Allar,Penn State,,2/5,,,,,1,50.00,est,,RC /5,IMG_4906,,UNLISTED
,2025,Topps,Chrome,4,Tetairoa McMillan,Panthers,,,,,,,1,45.00,sticker,,RC,IMG_4842,,UNLISTED
,1997-98,Topps,Chrome,115,Tim Duncan,Spurs,,,,,,,1,45.00,comp,Sports Card Investor / eBay,ROOKIE,IMG_4924,,UNLISTED
,,Topps,Game Day Drip,,Elly De La Cruz,Reds,,,,,,,1,44.50,sticker,,insert,IMG_4839,,UNLISTED
,,Topps,Inception,,Kevin Alcantara,Cubs,,25/49,,,,Y,1,41.00,sticker,,RC auto,IMG_4836,,UNLISTED
,,Panini,Mosaic,17,Davante Adams,Raiders,Gold,,,,,,1,40.00,sticker,,,IMG_4840,,UNLISTED
,,Topps,Fire (dual jersey auto),15,Ladd McConkey,Chargers,,,,,,Y,1,40.00,sticker,,RC jersey auto,IMG_4842,,UNLISTED
,2025,Topps,Chrome (Go Time Refractor),GT-3,Jayson Tatum,Celtics,Go Time Refractor,,PSA,9 MINT,149400582,,1,40.00,comp,SportsCardsPro / eBay,,IMG_4851,,UNLISTED
,1955,Bowman,,38,Early Wynn,Cleveland,,,SGC,4.5 VG/EX+,135387401,,1,38.00,sticker,,,IMG_4857,,UNLISTED
,,Panini,Mosaic,,Jalen Duren,Pistons,Disco,,,,,,1,36.00,sticker,,,IMG_4837,,UNLISTED
,,Topps,,9,Tony Parker,Spurs,,20/25,,,,Y,1,35.00,est,,Topps certified auto /25,IMG_4814,,UNLISTED
,,Panini,Impeccable Premium Silver,21,Tim Duncan,Spurs,1oz Silver,16/25,,,,,1,35.00,est,,silver bar card,IMG_4827,,UNLISTED
,2025,Panini,Rookies & Stars Draft Class,1,Ashton Jeanty,Raiders,Green,05/25,,,,,1,35.00,est,,RC,IMG_4833,,UNLISTED
,,Donruss,Optic Hyper,,Donovan Mitchell,Cavaliers,Hyper,,,,,,1,35.00,sticker,,,IMG_4838,,UNLISTED
,,Panini,Immaculate Collection,,Kevin Alcantara,Cubs,,06/25,,,,Y,1,35.00,sticker,,patch auto,IMG_4841,,UNLISTED
,,Panini,America's Pastime Boys of Summer,,Steve Carlton,Phillies,,20/25,,,,Y,1,35.00,est,,,IMG_4845,,UNLISTED
,,Topps,Gilded Collection,,Rod Carew,Twins,,,,,,Y,1,35.00,sticker,,framed auto,IMG_4847,,UNLISTED
,,Wild Card,Alumination,,Dak Prescott,Cowboys,Orange,6/20,,,,,1,35.00,est,,/20,IMG_4875,,UNLISTED
,,Panini,Limited Marquee Prints,55,Roy Hibbert,Pacers,,02/25,,,,,1,35.00,est,,,IMG_4876,,UNLISTED
,2025,Signature Series,,11,Christian Collins,,,09/25,,,,,1,35.00,est,,RC; confirm team,IMG_4883,,UNLISTED
,,Panini,Limited,11,Mike Conley,Grizzlies,,19/25,,,,,1,35.00,est,,sealed,IMG_4922,,UNLISTED
,,Topps,Finest,82,Dante Hall,Chiefs,Red,06/25,,,,Y,1,35.00,est,,"auto /25, sealed",IMG_4935,,UNLISTED
,,Panini,Immaculate Collection,94,Luis Pena,Brewers,,20/25,,,,,1,35.00,est,,prospect,IMG_4938,,UNLISTED
,,Panini,Limited Phenoms Jersey Autographs,,Mavericks rookie (confirm),Mavericks,,19/25,,,,Y,1,35.00,est,,confirm player,IMG_4940,,UNLISTED
,,Panini,Immaculate Collection,,Cameron Schlittler,Yankees,,18/25,,,,,1,35.00,est,,prospect,IMG_4945,,UNLISTED
,2022,Panini,Select,58,Amon-Ra St. Brown,Lions,Tri-Color Prizm,37/249,SGC,10,1304949,,1,34.00,sticker,,,IMG_4855,,UNLISTED
,2025,Topps,Inception,4,Sion James,Hornets,,08/10,,,,Y,1,30.00,sticker,,RC auto /10,IMG_4837,,UNLISTED
,,Panini,Select,11,Jalen Brunson,Knicks,,,,,,,1,30.00,sticker,,,IMG_4838,,UNLISTED
,,Panini,Limited Phenoms Jersey Autographs,,Lakers rookie (confirm),Lakers,,45/49,,,,Y,1,30.00,sticker,,confirm player,IMG_4839,,UNLISTED
,2020,Panini,Prizm,258,Anthony Edwards,Timberwolves,,,PSA,9 MINT,92981922,,1,30.00,comp,Sports Card Investor / eBay,RC,IMG_4851,,UNLISTED
,1991-92,Upper Deck,,2,Larry Johnson,Hornets,,,BGS,10 Auth Auto,00019509597,Y,1,30.00,sticker,,RC auto,IMG_4851,,UNLISTED
,2024,Panini,Select,64,Earl Campbell,Oilers,White Shock,,SGC,9 MINT,13841571,,1,30.00,sticker,,,IMG_4855,,UNLISTED
,,Topps,(Round 1 Pick 11),,Cedric Coward,Grizzlies,,,,,,Y,1,28.00,sticker,,RC auto,IMG_4836,,UNLISTED
,2015-16,Panini,Select Rookie Jersey Autographs,5,Kristaps Porzingis,Knicks,,,BGS,9.5 GEM MINT,0011376682,Y,1,25.00,est,,RC patch auto,IMG_4815,,UNLISTED
,,Upper Deck,Opening Day 2K,,Sammy Sosa,Cubs,,,PSA/DNA,Auth Auto,85892199,Y,1,25.00,est,,,IMG_4817,,UNLISTED
,,Bowman,,,Vladimir Guerrero Jr.,Blue Jays,,,BGS,Auth Auto,00019742049,Y,1,25.00,est,,,IMG_4817,,UNLISTED
,1992,Bowman,,461,Mike Piazza,Dodgers,,,PSA,9 MINT,158041913,,1,25.00,est,,Rookie,IMG_4818,,UNLISTED
,2024,Topps,Resurgence,RPAJD,Jayden Daniels,Commanders,Rookie Patch Auto,,PSA,9 MINT,128161736,Y,1,25.00,est,,RC patch auto,IMG_4822,,UNLISTED
,,Custom,Kaboom!,,James Cook,Bills,,,BGS,Auth Auto,00020189746,Y,1,25.00,est,,FLAG: Beckett slab labels card COUNTERFEIT (custom Kaboom); auto authentic only - disclose/likely cannot list on major m,IMG_4823,,UNLISTED
,,Custom,Kaboom!,,James Cook,Bills,,,BGS,Auth Auto,00020189590,Y,1,25.00,est,,FLAG: Beckett slab labels card COUNTERFEIT (custom Kaboom); auto authentic only - disclose/likely cannot list on major m,IMG_4823,,UNLISTED
,,Pro Set,NFL,99,Dan Hampton,Bears,,,PSA/DNA,Auth Auto,85843496,Y,1,25.00,est,,,IMG_4823,,UNLISTED
,2025,Panini,Phoenix,189,Isaac TeSlaa,Lions,Silver,,CGC,10 GEM MINT,6115924042,,1,25.00,est,,RC,IMG_4823,,UNLISTED
,,Custom,Booom!,50,Mike Singletary,Bears,,,BGS,Auth Auto,00019911771,Y,1,25.00,est,,FLAG: Beckett labels CUSTOM trading card; auto authentic - disclose,IMG_4825,,UNLISTED
,1990,Score,All Pro,56,Lawrence Taylor,Giants,,,PSA/DNA,Auth Auto,85822953,Y,1,25.00,est,,,IMG_4825,,UNLISTED
,,Upper Deck,SP Premier Prospects,,Jason Kidd,,,,PSA/DNA,Auto 10 GEM MT,85138168,Y,1,25.00,est,,,IMG_4827,,UNLISTED
,1996-97,Topps,Stadium Club,,Kobe Bryant,Lakers,,,,,,,1,25.00,comp,Sports Card Investor,Rookie,IMG_4828,,UNLISTED
,1993,Classic,Four Sport All-Rookie Team,,Shaquille O'Neal,LSU,,,PSA/DNA,Auth Auto,85823112,Y,1,25.00,est,,,IMG_4828,,UNLISTED
,,Panini,Prizm,3,OG Anunoby,Raptors,Gold,,,,,,1,25.00,sticker,,,IMG_4835,,UNLISTED
,,Panini,Immaculate Collection Marks,,Eduardo Tait,Twins,,07/10,,,,Y,1,25.00,sticker,,prospect auto /10,IMG_4836,,UNLISTED
,,Donruss,Optic Rated Rookie,0,Keon Coleman,Bills,,,,,,Y,1,25.00,sticker,,RC auto,IMG_4837,,UNLISTED
,,Panini,Select Signatures,,Dylan Crews,Nationals,,,,,,Y,1,25.00,sticker,,,IMG_4839,,UNLISTED
,2010,Topps,Triple Threads,,Dexter McCluster,Chiefs,,53/70,,,,Y,1,25.00,sticker,,RC patch auto,IMG_4839,,UNLISTED
,,Donruss,Artist Proof,32,Josh Hamilton,Rangers,Artist Proof,,,,,,1,25.00,sticker,,,IMG_4841,,UNLISTED
,2013,Topps,,,Travis Kelce,Chiefs,,,,,,,1,25.00,sticker,,RC-era; confirm exact set,IMG_4842,,UNLISTED
,2025,Signature Series,Class Masters,28,Hugo Gonzalez,Celtics,Blue,19/25,,,,,1,25.00,sticker,,RC,IMG_4846,,UNLISTED
,,Panini,Origins Rookie Jumbo Jersey Autographs,,Keon Coleman,Bills,,,,,,Y,1,25.00,sticker,,RC jumbo jersey auto,IMG_4849,,UNLISTED
,,Panini,Signature,44,Dallas Clark,Colts,,,,,,Y,1,25.00,sticker,,,IMG_4849,,UNLISTED
,2005,In The Game,Heroes & Prospects (Hot Prospects),361,Sidney Crosby,Rimouski,,,PSA,10 GEM MT,63717486,,1,25.00,comp,eBay / getcardbase,hockey pre-RC,IMG_4850,,UNLISTED
,2024-25,Topps,UCC,76,Christian Pulisic,AC Milan,Neon Green Foil,30/199,SGC,9.5,9852245,,1,25.00,est,,soccer,IMG_4850,,UNLISTED
,1976,Topps,,115,Bryan Trottier,Islanders,,,PSA,6 EX-MT,53572138,,1,25.00,est,,hockey RC,IMG_4850,,UNLISTED
,1974,Topps,,161,Don Cherry,Bruins,,,PSA,5 EX,140007639,,1,25.00,est,,hockey,IMG_4850,,UNLISTED
,2019-20,Panini,Mosaic (NBA Debut),264,Coby White,Bulls,Reactive Blue,,PSA,10 GEM MT,80262244,,1,25.00,est,,RC,IMG_4851,,UNLISTED
,2024,Topps,Disney Chrome Sapphire,18,Fairy Godmother,Disney,Sapphire,,PSA,9 MINT,143570700,,1,25.00,est,,non-sport,IMG_4852,,UNLISTED
,2022,Topps,Chrome Sapphire F1,34,Lando Norris,McLaren,Sapphire,,CGC,10 GEM MINT,6122187113,,1,25.00,est,,F1,IMG_4852,,UNLISTED
,2025,Pokemon,Black Star Promos (Mega Charizard X ex UPC),024,Oricorio ex,Pokemon,,,CGC,9 MINT,6113873025,,1,25.00,est,,Pokemon TCG,IMG_4852,,UNLISTED
,1977,Topps,,650,Nolan Ryan,Angels,,,PSA,4 VG-EX,76765292,,1,25.00,sticker,,,IMG_4853,,UNLISTED
,1960,Topps,,264,Robin Roberts,Phillies,,,PSA,4 VG-EX,126493881,,1,25.00,est,,,IMG_4853,,UNLISTED
,1975,Topps,,180,Joe Morgan,Reds,,,SGC,7 NM,0507280,,1,25.00,est,,,IMG_4853,,UNLISTED
,2024,Topps,Now,778,Bobby Witt Jr.,Royals,,,SGC,10 GEM,2901548,,1,25.00,est,,,IMG_4853,,UNLISTED
,1975,Topps,,223,Robin Yount,Brewers,,,SGC,5 EX,0452044,,1,25.00,est,,2nd year,IMG_4853,,UNLISTED
,2022,Donruss,Press Proof Premium,237,Christian McCaffrey,Panthers,Press Proof Premium,,CGC,10 GEM MINT,6120395083,,1,25.00,est,,,IMG_4854,,UNLISTED
,2025,Panini,Mosaic,305,Cam Skattebo,Giants,Red Camo,,PSA,9 MINT,146074542,,1,25.00,est,,RC,IMG_4854,,UNLISTED
,,Custom,Boom,2,Johnny Manziel,Texas A&M,,,BGS,Witnessed Auth Auto,00019976760,Y,1,25.00,est,,FLAG: Beckett labels CUSTOM card; witnessed auto - disclose,IMG_4855,,UNLISTED
,,Custom,Boom,2,Johnny Manziel,Texas A&M,,,BGS,Witnessed Auth Auto,00019976761,Y,1,25.00,est,,FLAG: Beckett labels CUSTOM card; witnessed auto - disclose (2nd copy),IMG_4855,,UNLISTED
,,Custom,Boom!,93,Gilbert Brown,Packers,,,BGS,Witnessed Auth Auto,00019565367,Y,1,25.00,est,,FLAG: Beckett labels CUSTOM card; witnessed auto - disclose,IMG_4855,,UNLISTED
,1991,Hoops,McDonald's,55,Michael Jordan,USA,,,PSA,8 NM-MT,87363314,,1,25.00,est,,1992 Dream Team,IMG_4856,,UNLISTED
,2024,Topps,Chrome Update,USC57,Jackson Merrill,Padres,X-Fractor,,PSA,9 MINT,102695586,,1,25.00,est,,RC,IMG_4857,,UNLISTED
,1987,Topps,Tiffany,340,Roger Clemens,Red Sox,,,PSA,8 NM-MT,49021311,,1,25.00,est,,,IMG_4857,,UNLISTED
,2025,Donruss,Season Stat Line,49,Jayden Reed,Packers,Pink,413/500,CGC,10 GEM MINT,6129034287,,1,25.00,est,,,IMG_4900,,UNLISTED
,,Topps,,34,Ricky Williams,Dolphins,,,,,,Y,1,24.00,sticker,,,IMG_4841,,UNLISTED
,,Topps,Midnight,,Will Riley,Wizards,,,,,,Y,1,23.50,sticker,,RC jersey auto,IMG_4836,,UNLISTED
,2025,Topps,Chrome Fortune,10,Luther Burden III,Bears,Spade,36/50,,,,,1,23.00,sticker,,RC,IMG_4838,,UNLISTED
,,Topps,Fire,,Paul Goldschmidt,Cardinals,,,,,,Y,1,22.00,sticker,,,IMG_4837,,UNLISTED
,,Panini,Immaculate INK,,Dax Kilby,,,11/99,,,,Y,1,21.00,sticker,,prospect auto,IMG_4838,,UNLISTED
,2025,Leaf,Metal,,Ace Bailey,,,,,,,Y,1,20.00,est,,RC auto,IMG_4814,,UNLISTED
,,Panini,Recon,7,Chet Holmgren,Thunder,,18/75,,,,Y,1,20.00,est,,Rookie auto /75,IMG_4815,,UNLISTED
,,Panini,Chronicled Calligraphy,,Jack Morris,Tigers,,,,,,Y,1,20.00,est,,patch auto,IMG_4817,,UNLISTED
,,Topps,Pristine Perseverance,,Willie Mays,Giants,Gold,12/50,,,,,1,20.00,est,,,IMG_4819,,UNLISTED
,,Bowman,Platinum,,Jarren Duran,Red Sox,,72/199,,,,Y,1,20.00,est,,,IMG_4821,,UNLISTED
,2020,Panini,XR Triple Swatch Autographs,,Jalen Hurts,Eagles,,,,,,Y,1,20.00,est,,RC patch auto; confirm player ID,IMG_4824,,UNLISTED
,,Topps,,13,Dan Marino,Dolphins,,,,,,Y,1,20.00,est,,certified auto issue,IMG_4825,,UNLISTED
,2025,Panini,Signature Series (Signature Stats Cracked Ice) REDEMPTION,1,Allen Iverson,76ers,Cracked Ice,,,,,Y,1,20.00,est,,"UNREDEEMED redemption, expires 11/27/2027",IMG_4828,,UNLISTED
,,Leaf,Toast of the Town Sports Heroes,23,Ryne Sandberg,Cubs,Gold die-cut,,,,,Y,1,20.00,est,,,IMG_4830,,UNLISTED
,,Topps,Chrome (insert),50,David Robinson,Spurs,,64/99,,,,,1,20.00,est,,,IMG_4831,,UNLISTED
,2010,Panini,Prestige Draft,15,Tim Tebow,Broncos,,,,,,Y,1,20.00,est,,RC auto,IMG_4831,,UNLISTED
,,Leaf,Metal Signature Series,99,Warren Sapp,Buccaneers,,,,,,Y,1,20.00,est,,,IMG_4832,,UNLISTED
,,Panini,Recon,,Nikola Vucevic,Bulls,Red,76/99,,,,Y,1,20.00,est,,,IMG_4832,,UNLISTED
,,Panini,Illusions Rookie Vision,14,George Pickens,Steelers,,,,,,Y,1,20.00,est,,RC auto,IMG_4832,,UNLISTED
,,Donruss,Rated Rookie,,J.J. McCarthy,Vikings,,,,,,Y,1,20.00,est,,RC auto,IMG_4833,,UNLISTED
,,Panini,Gold Standard,0,Keon Coleman,Bills,,039/199,,,,Y,1,20.00,est,,RC auto,IMG_4833,,UNLISTED
,,Panini,Absolute,32,David Montgomery,Bears,,13/75,,,,Y,1,20.00,est,,RC auto,IMG_4834,,UNLISTED
,,Leaf,Metal,91,Steven Stamkos,Lightning,Red,,,,,Y,1,20.00,est,,hockey,IMG_4835,,UNLISTED
,,Upper Deck,Stature,,Nikita Kucherov,Lightning,,,,,,Y,1,20.00,est,,hockey,IMG_4835,,UNLISTED
,,Panini,Impeccable Elegance,,Brooks Lee,Twins,,49/99,,,,Y,1,20.00,sticker,,patch auto,IMG_4837,,UNLISTED
,,Panini,Immaculate (dual jersey auto),,Max Anderson,Tigers,,75/99,,,,Y,1,20.00,sticker,,prospect,IMG_4839,,UNLISTED
,,Panini,Mosaic Pictographs,,Tim Hardaway,Warriors,,,,,,Y,1,20.00,est,,,IMG_4840,,UNLISTED
,2025,Topps,Chrome,10,Quinshon Judkins,Browns,Blue,117/150,,,,Y,1,20.00,est,,RC auto,IMG_4840,,UNLISTED
,,Topps,(Turkey Red style),,Willie Mays,Giants,Gold,,,,,,1,20.00,sticker,,,IMG_4841,,UNLISTED
,,Topps,(Turkey Red/Heritage style),,Hank Aaron,Braves,,,,,,,1,20.00,sticker,,,IMG_4842,,UNLISTED
,,Panini,Prizm Sensations Signatures,,Jerry Lawler,WWE,Red,,,,,Y,1,20.00,est,,,IMG_4843,,UNLISTED
,,Bowman,,21,Caleb Bonemer,White Sox,,,,,,Y,1,20.00,est,,prospect auto,IMG_4844,,UNLISTED
,,Panini,One Prime,,Obi Toppin,Knicks,,32/99,,,,Y,1,20.00,est,,RC patch auto,IMG_4844,,UNLISTED
,,Donruss,Rated Rookie,3,Jordan Addison,Vikings,,083/175,,,,Y,1,20.00,est,,RC auto,IMG_4844,,UNLISTED
,2025,Topps,Chrome,8,Omarion Hampton,Chargers,,109/499,,,,Y,1,20.00,est,,RC auto,IMG_4845,,UNLISTED
,,Panini,National Treasures Century Materials,,Dak Prescott,Cowboys,,38/49,,,,,1,20.00,est,,patch,IMG_4845,,UNLISTED
,2020,Panini,Contenders Rookie Ticket,86,Michael Pittman Jr.,Colts,,,,,,Y,1,20.00,est,,RC auto,IMG_4845,,UNLISTED
,2025,Topps,(Round 1 Pick),24,Spurs rookie (confirm - sig 'Deo Ver'),Spurs,,,,,,Y,1,20.00,est,,RC auto; confirm player,IMG_4846,,UNLISTED
,,Topps,Triple Threads (750),,Justin Verlander,Tigers,,24/36,,,,,1,20.00,est,,jersey,IMG_4847,,UNLISTED
,,Panini,Contenders Conference Ticket,,Alec Pierce,Colts,,,,,,Y,1,20.00,est,,RC auto,IMG_4848,,UNLISTED
,2025,Fut/Leaf,Players Trove,33,Jack Sawyer,Steelers,,,,,,Y,1,20.00,est,,RC auto (college Ohio St),IMG_4848,,UNLISTED
,2024,Topps,Chrome,,Xavier Worthy,Chiefs,,017/100,,,,Y,1,20.00,est,,RC auto,IMG_4848,,UNLISTED
,,Panini,Plates & Patches Marquee Marks,,Kenyan Drake,Cardinals,,32/50,,,,Y,1,20.00,est,,,IMG_4858,,UNLISTED
,2025,Leaf,Metal Matte,,Ashton Jeanty,Raiders,Matte,39/50,,,,,1,20.00,est,,RC (college),IMG_4858,,UNLISTED
,,Panini,Limited Decade Dominance,2,Alex English,Nuggets,,50/99,,,,,1,20.00,est,,jersey,IMG_4861,,UNLISTED
,,Panini,NBA Hoops Live,25,Ajay Mitchell,Thunder,,,,,,Y,1,20.00,est,,RC auto,IMG_4861,,UNLISTED
,,Panini,Limited Rookie Phenoms,,Henry Ellenson,Pistons,,/99,,,,Y,1,20.00,est,,RC jersey auto,IMG_4861,,UNLISTED
,,Donruss,Crunch Time,5,Jacob Wilson,Athletics,Blue,09/49,,,,,1,20.00,est,,RC,IMG_4862,,UNLISTED
,2025,Topps,Chrome Black,94,Mason Graham,Browns,,,,,,Y,1,20.00,est,,RC auto,IMG_4865,,UNLISTED
,,Donruss,Elite Career Best,,Jimmy Rollins,Phillies,Green,95/99,,,,,1,20.00,est,,,IMG_4868,,UNLISTED
,,Panini,Limited,,Buddy Hield,Pelicans,,04/49,,,,Y,1,20.00,est,,RC jersey auto,IMG_4877,,UNLISTED
,2024,Panini,NBA Hoops Live,23,Jamal Shead,Raptors,,,,,,Y,1,20.00,est,,RC auto,IMG_4878,,UNLISTED
,2024,Topps,(Round 1 Pick 29),13,Isaiah Collier,Jazz,,,,,,Y,1,20.00,est,,RC auto,IMG_4878,,UNLISTED
,,Topps,Midnight,,Daniel Gafford,Mavericks,,,,,,Y,1,20.00,est,,auto,IMG_4878,,UNLISTED
,2025,Signature Series,,14,Asa Newell,Hawks,,13/99,,,,,1,20.00,est,,RC,IMG_4883,,UNLISTED
,2025,Signature Series,,11,Spurs rookie (confirm),Spurs,,48/65,,,,,1,20.00,est,,RC; confirm player,IMG_4883,,UNLISTED
,2025,Donruss,Elite Prospect Yearbook,,JB Middleton,Colorado,,,,,,Y,1,20.00,est,,draft auto,IMG_4892,,UNLISTED
,,Donruss,Signature Series,,Khadim Diaw,Twins,,,,,,Y,1,20.00,est,,auto,IMG_4892,,UNLISTED
,,Donruss,Optic (bronze frame),78,Spencer Jones,Yankees,Bronze,87/99,,,,,1,20.00,est,,,IMG_4893,,UNLISTED
,2023,Panini,Origins Rookie Autographs,80,Zay Flowers,Ravens,,,,,,Y,1,20.00,est,,"RC on-card auto, sealed case",IMG_4895,,UNLISTED
,2025,Panini,Phoenix,2,Ashton Jeanty,Raiders,,,,,,Y,1,20.00,est,,"RC dual patch auto, sealed case",IMG_4895,,UNLISTED
,,Topps,Tier One Crowd Pleasers,27,Matt Kemp,Dodgers,,/75,,,,Y,1,20.00,est,,"auto /75, sealed",IMG_4896,,UNLISTED
,,Topps,Finest,,Jackson Jobe,Tigers,,11/50,,,,Y,1,20.00,est,,"RC jersey auto /50, sealed",IMG_4896,,UNLISTED
,2025,Signature Series,Perpetual Talents,5,Darius Acuff Jr.,,,54/75,,,,,1,20.00,est,,"RC, sealed",IMG_4899,,UNLISTED
,,Panini,Canvas Creations,32,Bill Walton,Trail Blazers,,,,,,Y,1,20.00,est,,auto,IMG_4899,,UNLISTED
,,Panini,Black Futuristic,7,C.J. Stroud,Texans,,04/99,,,,,1,20.00,est,,"RC jersey, sealed",IMG_4900,,UNLISTED
,,Topps,Chrome Bundesliga,,Bilal El Khannouss,VfB Stuttgart,Green,64/99,,,,,1,20.00,est,,soccer,IMG_4904,,UNLISTED
,,Topps,Chrome Bundesliga,,Ezechiel Banzuzi,RB Leipzig,Purple,/75,,,,,1,20.00,est,,soccer RC,IMG_4904,,UNLISTED
,,Topps,Chrome Ultrabeam,,Rayan Philippe,Hamburger SV,Gold,29/50,,,,,1,20.00,est,,soccer RC,IMG_4904,,UNLISTED
,,Topps,Chrome Bundesliga,,Patrik Schick,Bayer Leverkusen,Purple,32/75,,,,Y,1,20.00,est,,soccer auto,IMG_4904,,UNLISTED
,,Topps,Chrome Bundesliga,,Johan Bakayoko,RB Leipzig,Green,07/99,,,,Y,1,20.00,est,,soccer auto,IMG_4904,,UNLISTED
,2025,Panini,Signature Series Tools of the Trade,,Ryan Kalkbrenner,Hornets,,21/49,,,,Y,1,20.00,est,,"RC triple relic auto, sealed",IMG_4905,,UNLISTED
,,Panini,Signature,94,Kony Ealy,Panthers,,,,,,Y,1,20.00,est,,,IMG_4906,,UNLISTED
,,Panini,Prizm Significant Signatures,25,Hassan Haskins,Chargers,,,,,,Y,1,20.00,est,,,IMG_4906,,UNLISTED
,2025,Donruss,Elite Turn of the Century,11,Abdul Carter,Giants,Red,11/75,,,,Y,1,20.00,est,,RC auto,IMG_4906,,UNLISTED
,,Topps,Chrome,97,Mario Edwards Jr.,Raiders,,,,,,Y,1,20.00,est,,,IMG_4906,,UNLISTED
,2015,Sage,Draft Picks,75,Cameron Erving,Florida State,,,,,,Y,1,20.00,est,,RC auto,IMG_4926,,UNLISTED
,2014,Panini,Prizm,,T.J. Warren,Suns,,,,,,Y,1,20.00,est,,RC auto,IMG_4936,,UNLISTED
,2014,Panini,Prizm,,Cory Jefferson,Nets,,,,,,Y,1,20.00,est,,RC auto,IMG_4936,,UNLISTED
,,Panini,Limited Team Trademarks,6,Jordan Clarkson,Lakers,,16/99,,,,,1,20.00,est,,jersey,IMG_4936,,UNLISTED
,,Panini,Immaculate Collection Brilliance,,Ethan Conrad,Cubs,,43/99,,,,,1,20.00,est,,prospect jersey,IMG_4938,,UNLISTED
,,Panini,Impeccable Immaculate Autographs,0,MarJon Beauchamp,Bucks,,76/88,,,,Y,1,20.00,est,,RC auto,IMG_4939,,UNLISTED
,,Panini,Limited Unlimited Materials,,Thon Maker,Bucks,,17/39,,,,,1,20.00,est,,patch,IMG_4940,,UNLISTED
,,Panini,Limited,,Georgios Papagiannis,Kings,,,,,,Y,1,20.00,est,,RC jersey auto,IMG_4940,,UNLISTED
,,Panini,Prizm Sensational Signatures,,Randall Cobb,Packers,Pink Xfractor,,,,,Y,1,20.00,est,,"auto, sealed",IMG_4941,,UNLISTED
,,Panini,Phoenix Signatures Moments,14,DK Metcalf,Seahawks,,,,,,Y,1,20.00,est,,"auto, sealed",IMG_4941,,UNLISTED
,,Panini,Prizm Franchise Legends,85,Antonio Gates,Chargers,,,,,,Y,1,20.00,est,,"auto, sealed",IMG_4942,,UNLISTED
,,Panini,Plates & Patches Legends,,Tony Gonzalez,Chiefs,,37/65,,,,,1,20.00,est,,,IMG_4948,,UNLISTED
,,Panini,Limited,1,Trevor Ariza,Rockets,,30/99,,,,,1,20.00,est,,,IMG_4949,,UNLISTED
,,Panini,Limited,9,Nikola Vucevic,Magic,,41/49,,,,,1,20.00,est,,,IMG_4949,,UNLISTED
,,Panini,Limited,95,DeAndre' Bembry,Hawks,,08/49,,,,Y,1,20.00,est,,RC jersey auto,IMG_4949,,UNLISTED
,,Panini,Immaculate Collection,,Adrian Gonzalez,Dodgers,,94/99,,,,Y,1,20.00,est,,dual jersey auto,IMG_4955,,UNLISTED
,,Leaf,Flash,8,Lamar Jackson,Ravens,Blue,076/150,,,,,1,19.00,sticker,,confirm brand,IMG_4848,,UNLISTED
,,Topps,Finest Creators,17,Josh Allen,Bills,,058/150,,,,,1,18.00,sticker,,,IMG_4840,,UNLISTED
,,Panini,Immortalized (auto patch),,Redskins WR (confirm),Commanders,Xfractor-style,39/99,,,,Y,1,17.00,sticker,,confirm player,IMG_4842,,UNLISTED
,2023,Topps,Now,,Victor Wembanyama,Spurs,,,,,,,1,15.00,est,,6.20.23 1st pitch Bronx MLB card,IMG_4815,,UNLISTED
,,Topps,Finest,8,Kobe Bryant,Lakers,,,,,,,1,15.00,est,,Guard subset,IMG_4815,,UNLISTED
,2023-24,Panini,Prizm Monopoly,,Victor Wembanyama,Spurs,Base,,,,,,1,15.00,est,,RC,IMG_4816,,UNLISTED
,,Panini,Prizm All-Star,,LeBron James,Lakers,Red,,,,,,1,15.00,est,,All-Star subset,IMG_4816,,UNLISTED
,,Topps,Chrome,,Shohei Ohtani,Angels,,,,,,,1,15.00,est,,All-Star Game refractor,IMG_4818,,UNLISTED
,,Leaf,Exclusive Legends Edition,,Stephen Curry / Kevin Durant,Warriors,Wave,,,,,,1,15.00,est,,dual player,IMG_4820,,UNLISTED
,,Panini,Prizm,9,Joe Burrow,Bengals,,,,,,,1,15.00,est,,,IMG_4825,,UNLISTED
,,Topps,75th (Dodgers Duo),,Shohei Ohtani,Dodgers,,,,,,,1,15.00,est,,Dodgers Duo insert,IMG_4829,,UNLISTED
,,Topps,Chrome (National),17,Shohei Ohtani,Dodgers,,,,,,,1,15.00,est,,National Convention,IMG_4829,,UNLISTED
,,Topps,Finest,,Shohei Ohtani,Angels,,,,,,,1,15.00,est,,refractor,IMG_4829,,UNLISTED
,,Bowman,,,Shohei Ohtani,Angels,,,,,,,1,15.00,est,,ornate frame insert,IMG_4829,,UNLISTED
,2017,Bowman,Rookie of the Year Favorites,,Aaron Judge,Yankees,,,,,,,1,15.00,est,,RC insert,IMG_4829,,UNLISTED
,,Panini,Prizm,1,Anthony Edwards,Timberwolves,Blue,,,,,,1,15.00,est,,,IMG_4831,,UNLISTED
,,Panini,NBA Hoops Lights Camera Action,,Luka Doncic,Lakers,,,,,,,1,15.00,est,,,IMG_4831,,UNLISTED
,,Panini,Limited Unlimited Potential,20,Breece Hall,Jets,,,,,,,1,15.00,est,,RC jersey,IMG_4831,,UNLISTED
,,Topps,Chrome Ball Duty,2,Shai Gilgeous-Alexander,Thunder,,036/199,,,,,1,15.00,est,,,IMG_4832,,UNLISTED
,,Donruss,Rated Prospect,,Bobby Witt Jr.,Royals,Red,006/149,,,,,1,15.00,est,,,IMG_4833,,UNLISTED
,,Fleer,Autographics,22,Michael Redd,Bucks,,,,,,Y,1,15.00,sticker,,,IMG_4835,,UNLISTED
,,Panini,Contenders Permit to Dominate,22,Blake Corum,Rams,,,,,,,1,15.00,sticker,,RC,IMG_4835,,UNLISTED
,,Topps,Inception,,confirm (baseball prospect),,Red,,,,,Y,1,15.00,sticker,,auto; player ID unclear,IMG_4838,,UNLISTED
,,Donruss,Canvas Creations,,Jett Williams,Mets,,37/49,,,,Y,1,15.00,sticker,,confirm player,IMG_4839,,UNLISTED
,2023-24,Topps,(Round 1 Pick 1),1,Victor Wembanyama,Spurs,,,,,,,1,15.00,sticker,,RC,IMG_4840,,UNLISTED
,,Donruss,Optic My House,34,Giannis Antetokounmpo,Bucks,,,,,,,1,15.00,est,,,IMG_4843,,UNLISTED
,,Donruss,Optic,34,Giannis Antetokounmpo,Bucks,Purple,,,,,,1,15.00,est,,,IMG_4844,,UNLISTED
,,Topps,Chrome Highlights (Euphoria),,Victor Wembanyama,Spurs,,,,,,,1,15.00,est,,,IMG_4846,,UNLISTED
,,Panini,Immaculate Collection,,Payton Tolle,Red Sox,,25/49,,,,,1,15.00,sticker,,RC jersey,IMG_4847,,UNLISTED
,,Panini,Spectra Brilliance,35,Pablo Sandoval,Braves,,,,,,,1,15.00,est,,jersey,IMG_4847,,UNLISTED
,,Custom,Booom!,54,Horace Grant,Bulls,,,BGS,Auth Auto,00018295811,Y,1,15.00,sticker,,FLAG: Beckett labels CUSTOM card; auto authentic - disclose,IMG_4851,,UNLISTED
,,Custom,Booom!,54,Horace Grant,Bulls,,,BGS,Auth Auto,00019294047,Y,1,15.00,sticker,,FLAG: Beckett labels CUSTOM card; auto authentic - disclose,IMG_4851,,UNLISTED
,,Topps,Chrome Light Speed,,Josh Allen,Bills,,,,,,,1,15.00,est,,,IMG_4858,,UNLISTED
,,Panini,Select Multiverse,58,Von Miller,Broncos,Red,,,,,,1,15.00,est,,dual jersey,IMG_4859,,UNLISTED
,,Donruss,Elite Coverage,21,Ezekiel Elliott,Cowboys,,,,,,,1,15.00,est,,jersey,IMG_4859,,UNLISTED
,,Panini,Select Multiverse,5,Marquise Brown,Chiefs,,,,,,,1,15.00,est,,dual jersey,IMG_4860,,UNLISTED
,1992-93,Upper Deck,All-Star Weekend,,Michael Jordan,Bulls,,,,,,,1,15.00,est,,East AS insert,IMG_4861,,UNLISTED
,,Donruss,Elite Career Best,,Aaron Judge,Yankees,,,,,,,1,15.00,est,,62 HR,IMG_4862,,UNLISTED
,,Donruss,Unleashed,,Bobby Witt Jr.,Royals,,091/199,,,,,1,15.00,est,,,IMG_4862,,UNLISTED
,,Donruss,Elite,,Aaron Judge,Yankees,,,,,,,1,15.00,est,,,IMG_4863,,UNLISTED
,,Panini,NBA Hoops All-Star,,Shai Gilgeous-Alexander,Thunder,Holo,,,,,,1,15.00,est,,,IMG_4866,,UNLISTED
,,Panini,NBA Hoops Finals Pursuit,2,Shai Gilgeous-Alexander,Thunder,Holo,,,,,,1,15.00,est,,,IMG_4866,,UNLISTED
,2025,Topps,(Round 1 Pick 3),77,Luka Doncic,Lakers,,,,,,,1,15.00,est,,,IMG_4867,,UNLISTED
,2023,Panini,Select,15,Patrick Mahomes II,Chiefs,Silver,,,,,,1,15.00,est,,,IMG_4873,,UNLISTED
,2025,Panini,NBA Hoops (Hvala Za Vse Luka),,Luka Doncic,Lakers,,,,,,,1,15.00,est,,tribute insert,IMG_4876,,UNLISTED
,2025,Panini,NBA Hoops All-Star,,Stephen Curry,Warriors,Holo,,,,,,1,15.00,est,,,IMG_4877,,UNLISTED
,2025,Panini,NBA Hoops All-Star,,Victor Wembanyama,Spurs,,,,,,,1,15.00,est,,,IMG_4877,,UNLISTED
,,Panini,NBA Hoops,,Victor Wembanyama,Spurs,,,,,,,1,15.00,est,,,IMG_4877,,UNLISTED
,,Upper Deck,Pros & Prospects,8,Kobe Bryant,Lakers,,,,,,,1,15.00,est,,,IMG_4878,,UNLISTED
,,Topps,Unfazed,15,Nikola Jokic,Nuggets,,,,,,,1,15.00,est,,,IMG_4885,,UNLISTED
,,Panini,Prizm,34,Giannis Antetokounmpo,Bucks,,,,,,,1,15.00,est,,,IMG_4889,,UNLISTED
,2020,Panini,Elite Extra Edition First Round Materials,,Heston Kjerstad,Orioles,,,,,,,1,15.00,est,,jersey,IMG_4892,,UNLISTED
,,Topps,Contemporary Collection Lucky Draw,13,Bam Adebayo,Heat,,,,,,,1,15.00,est,,"NBA logo/Eastern patch, sealed",IMG_4899,,UNLISTED
,,Panini,Stars & Stripes Throwback,25,Bryce Eldridge,USA/Giants,,,,,,,1,15.00,est,,"USA jersey relic, sealed",IMG_4901,,UNLISTED
,,Panini,Limited No Limit,23,LeBron James,Cavaliers,,,,,,,1,15.00,est,,,IMG_4902,,UNLISTED
,,Topps,Finest,7,Bobby Witt Jr.,Royals,,,,,,,1,15.00,est,,,IMG_4907,,UNLISTED
,,Topps,Finest,,Shohei Ohtani,Dodgers,,,,,,,1,15.00,est,,,IMG_4907,,UNLISTED
,,Topps,Finest,,Paul Skenes,Pirates,,,,,,,1,15.00,est,,,IMG_4909,,UNLISTED
,,Topps,Finest,27,Mike Trout,Angels,,,,,,,1,15.00,est,,,IMG_4910,,UNLISTED
,,Upper Deck,MVP Back to Back,23,Michael Jordan,Bulls,,,,,,,1,15.00,est,,"insert, sealed",IMG_4913,,UNLISTED
,,Upper Deck,Pros & Prospects,24,Kobe Bryant,Lakers,,,,,,,1,15.00,est,,,IMG_4917,,UNLISTED
,,Panini,NBA Hoops,5,Anthony Edwards,Timberwolves,Holo,,,,,,1,15.00,est,,,IMG_4919,,UNLISTED
,,Fleer,Tradition,8,Kobe Bryant,Lakers,,,,,,,1,15.00,est,,,IMG_4921,,UNLISTED
,,Panini,NBA Hoops,1,Victor Wembanyama,Spurs,,,,,,,1,15.00,est,,,IMG_4922,,UNLISTED
,,Panini,NBA Hoops Highlights,,Stephen Curry,Warriors,,,,,,,1,15.00,est,,,IMG_4923,,UNLISTED
,,Panini,NBA Hoops (Winter),15,Nikola Jokic,Nuggets,Sparkle,,,,,,1,15.00,est,,,IMG_4924,,UNLISTED
,,Topps,Chrome Cosmic,15,Patrick Mahomes II,Chiefs,,,,,,,1,15.00,est,,sealed,IMG_4927,,UNLISTED
,,Panini,Mosaic Men of Mastery,12,Tom Brady,Buccaneers,,,,,,,1,15.00,est,,,IMG_4929,,UNLISTED
,,Panini,Mosaic,17,Josh Allen,Bills,Silver,,,,,,1,15.00,est,,,IMG_4930,,UNLISTED
,,Panini,Mosaic Touchdown Masters,9,Joe Burrow,Bengals,,,,,,,1,15.00,est,,,IMG_4932,,UNLISTED
,,Panini,Mosaic,1,Ja'Marr Chase,Bengals,Pink Camo,,,,,,1,15.00,est,,,IMG_4932,,UNLISTED
,,Donruss,Elite Spell Bound,,Paul Skenes,Pirates,,,,,,,1,15.00,est,,,IMG_4934,,UNLISTED
,,Panini,Origins,,Stephen Curry,Warriors,,,,,,,1,15.00,est,,,IMG_4936,,UNLISTED
,2025,Panini,Threads,,Javon Small,Grizzlies,,,,,,,1,15.00,est,,RC jersey,IMG_4937,,UNLISTED
,,Panini,Origins,,Cameron Thomas,Nets,,,,,,,1,15.00,est,,RC jumbo jersey,IMG_4937,,UNLISTED
,,Upper Deck,The MJ Records Almanac,23,Michael Jordan,Bulls,,,,,,,1,15.00,est,,,IMG_4940,,UNLISTED
,,Upper Deck,Hardcourt,8,Kobe Bryant,Lakers,,,,,,,1,15.00,est,,,IMG_4940,,UNLISTED
,2025,Donruss,Optic Phenom,15,Riley Leonard,Colts,,,,,,,1,15.00,est,,RC jersey,IMG_4942,,UNLISTED
,,Fleer,Tradition,8,Kobe Bryant,Lakers,,,,,,,1,15.00,est,,Western subset,IMG_4943,,UNLISTED
,,Upper Deck,New Court Order,8,Kobe Bryant,Lakers,,,,,,,1,15.00,est,,,IMG_4943,,UNLISTED
,,Topps,206 (mini jersey),,Cliff Floyd,Marlins,,,,,,,1,15.00,est,,"game-worn jersey, sealed",IMG_4945,,UNLISTED
,,Donruss,,30,Paul Skenes,Pirates,,,,,,,1,15.00,est,,,IMG_4946,,UNLISTED
,,Bowman,Chrome Electric Sluggers,,Aaron Judge,Yankees,,,,,,,1,15.00,est,,sealed,IMG_4947,,UNLISTED
,,Topps,Chrome Light Speed,15,Patrick Mahomes II,Chiefs,,,,,,,1,15.00,est,,sealed,IMG_4948,,UNLISTED
,2025,Panini,NBA Hoops All-Star,,Anthony Edwards,Timberwolves,Holo,,,,,,1,15.00,est,,sealed,IMG_4953,,UNLISTED
,1994,Bowman,Bowman's Best,44,Rickey Henderson,Athletics,Red,,PSA,8 NM-MT,12449165,,1,13.00,sticker,,,IMG_4857,,UNLISTED
,1986-87,Fleer,Super Star Sticker,32,Kevin McHale,Celtics,,,,,,,1,12.00,est,,sticker,IMG_4831,,UNLISTED
,1982,Topps,NFC All Pro,,Lawrence Taylor,Giants,,,,,,,1,12.00,est,,vintage,IMG_4844,,UNLISTED
,1988,Fleer,,16,Bo Jackson,Royals,,,,,,,1,12.00,est,,,IMG_4864,,UNLISTED
,1981-82,Topps,Super Action,,Celtics player (confirm),Celtics,,,,,,,1,12.00,est,,confirm player (Bird SA?),IMG_4880,,UNLISTED
,1978-79,Topps,,,Wes Unseld,Bullets,,,,,,,1,12.00,est,,,IMG_4880,,UNLISTED
,1978-79,Topps,,12,Mike Gale,Spurs,,,,,,,1,12.00,est,,,IMG_4880,,UNLISTED
,1978-79,Topps,,44,Dan Issel,Nuggets,,,,,,,1,12.00,est,,,IMG_4880,,UNLISTED
,1981-82,Topps,,10,Magic Johnson,Lakers,,,,,,,1,12.00,est,,2nd year,IMG_4880,,UNLISTED
,1978-79,Topps,,,Pete Maravich,Jazz,,,,,,,1,12.00,est,,2nd Team All-Star,IMG_4880,,UNLISTED
,1978-79,Topps,,10,Jo Jo White,Celtics,,,,,,,1,12.00,est,,,IMG_4881,,UNLISTED
,1978-79,Topps,,,Bill Walton,Trail Blazers,,,,,,,1,12.00,est,,1st Team All-Star,IMG_4881,,UNLISTED
,,Panini,Origins,,James Bouknight,Hornets,,,,,,,1,11.00,sticker,,RC,IMG_4838,,UNLISTED
,,Panini,Signatures,,Dylan Crews,Nationals,,08/99,,,,Y,1,10.00,sticker,,,IMG_4836,,UNLISTED
,,Topps,Class Action,18,Caleb Williams,Bears,Red,215/299,,,,,1,10.00,est,,RC insert,IMG_4843,,UNLISTED
,2025,Topps,(Round 1 Pick 29),33,Liam McNeeley,Hornets,Green,074/150,,,,,1,10.00,est,,RC,IMG_4869,,UNLISTED
,2025,Signature Series,,99,RJ Davis,Lakers,,075/199,,,,,1,10.00,est,,RC,IMG_4883,,UNLISTED
,,Signature Series,,41,Dirk Nowitzki,Mavericks,,165/199,,,,,1,10.00,est,,,IMG_4883,,UNLISTED
,,Upper Deck,High Court,,Juwan Howard,Wizards,,0074/1300,,,,,1,10.00,est,,,IMG_4915,,UNLISTED
,2025,Topps,(Round 1 Pick),,Cavaliers rookie (confirm),Cavaliers,Purple,020/100,,,,,1,10.00,est,,confirm player,IMG_4915,,UNLISTED
,,Topps,(Round 2 Pick 39),22,Khris Middleton,Wizards,,202/250,,,,,1,10.00,est,,,IMG_4919,,UNLISTED
,2024,Topps,(Round 1 Pick 5),00,Ron Holland II,Pistons,Purple,038/100,,,,,1,10.00,est,,,IMG_4919,,UNLISTED
,2025,Topps,(Round 1 Pick 36),,Adou Thiero,Lakers,Teal,116/225,,,,,1,10.00,est,,RC; confirm team,IMG_4919,,UNLISTED
,,Topps,Chrome,94,Cameron Jordan,Saints,Blue Wave,035/150,,,,,1,10.00,est,,,IMG_4925,,UNLISTED
,2025,Donruss,Elite Prospects,,Tyler Bremner,Angels,,060/150,,,,,1,10.00,est,,,IMG_4946,,UNLISTED
,,Panini,Mosaic Swagger,15,Patrick Mahomes II,Chiefs,,,,,,,1,8.25,sticker,,,IMG_4849,,UNLISTED
,,Donruss,Optic,3,Anthony Davis,Lakers,Purple,,,,,,1,7.50,sticker,,,IMG_4846,,UNLISTED
,2025,Topps,Chrome Fanatical,,VJ Edgecombe,76ers,,,,,,,1,6.00,est,,RC insert,IMG_4814,,UNLISTED
,2024,Topps,Chrome Sapphire,,Yoshinobu Yamamoto,Dodgers,Blue,,,,,,1,6.00,est,,RC Rookie Debut; confirm Sapphire vs cracked ice,IMG_4818,,UNLISTED
,,Panini,Prizm Black,,Justin Herbert,Chargers,Black,,,,,,1,6.00,est,,RC,IMG_4822,,UNLISTED
,,Donruss,Downtown,15,Rome Odunze,Bears,Downtown SSP,,,,,,1,6.00,est,,RC insert,IMG_4824,,UNLISTED
,,Panini,Select,17,Puka Nacua,Rams,Blue,,,,,,1,6.00,est,,RC,IMG_4825,,UNLISTED
,,Panini,Mosaic Kaleidoscope,10,Bo Nix,Broncos,Kaleidoscope,,,,,,1,6.00,est,,RC,IMG_4826,,UNLISTED
,2025,Topps,Chrome,1,Cam Ward,Titans,,,,,,,1,6.00,est,,RC,IMG_4831,,UNLISTED
,,Panini,Classics Rookies,16,Jameson Williams,Lions,Gold,,,,,,1,6.00,est,,RC,IMG_4833,,UNLISTED
,,Panini,Mosaic,97,Aidan Hutchinson,Lions,Red/Disco,,,,,,1,6.00,est,,RC,IMG_4838,,UNLISTED
,,Donruss,Optic Rated Rookie,8,Isaac TeSlaa,Lions,Green,,,,,,1,6.00,est,,RC,IMG_4838,,UNLISTED
,,Donruss,,,Brice Matthews,Astros,,,,,,,1,6.00,est,,RC,IMG_4841,,UNLISTED
,,Panini,Prizm,10,Quinshon Judkins,Browns,Orange,,,,,,1,6.00,est,,RC,IMG_4843,,UNLISTED
,,Topps,Chrome,13,Caleb Williams,Bears,Xfractor,,,,,,1,6.00,est,,RC,IMG_4843,,UNLISTED
,2010,Topps,Chrome,15,Tim Tebow,Broncos,,,,,,,1,6.00,est,,RC,IMG_4845,,UNLISTED
,2025,Panini,Phoenix,6,Jaxson Dart,Giants,,,,,,,1,6.00,est,,RC,IMG_4848,,UNLISTED
,2024,Panini,Prizm,,Malik Nabers,Giants,Pink,,,,,,1,6.00,est,,RC,IMG_4848,,UNLISTED
,,Topps,Chrome,,Trey Benson,Cardinals,,,,,,,1,6.00,est,,RC,IMG_4858,,UNLISTED
,,Panini,Edge,89,Brock Bowers,Raiders,Green,,,,,,1,6.00,est,,RC,IMG_4858,,UNLISTED
,,Topps,Chrome,10,Bo Nix,Broncos,Xfractor,,,,,,1,6.00,est,,RC,IMG_4859,,UNLISTED
,2025,Panini,Prizm,9,Emeka Egbuka,Buccaneers,,,,,,,1,6.00,est,,RC,IMG_4860,,UNLISTED
,2025,Panini,Select,24,Malaki Starks,Ravens,,,,,,,1,6.00,est,,RC,IMG_4860,,UNLISTED
,,Donruss,Diamond Marvels,57,Bubba Chandler,Pirates,,,,,,,1,6.00,est,,RC,IMG_4862,,UNLISTED
,,Bowman,Sterling Chrome,,Roman Anthony,Red Sox,,,,,,,1,6.00,est,,RC; confirm team/photo,IMG_4862,,UNLISTED
,2026,Topps,Chrome (Big Ticket Player),26,Chase Burns,Reds,,,,,,,1,6.00,est,,RC,IMG_4863,,UNLISTED
,,Donruss,Elite Prospects,85,Kevin McGonigle,Tigers,,,,,,,1,6.00,est,,RC,IMG_4863,,UNLISTED
,,Topps,Chrome,,Drake Maye,Patriots,Xfractor,,,,,,1,6.00,est,,RC,IMG_4865,,UNLISTED
,2025,Topps,Pure,,Ace Bailey,Jazz,,,,,,,1,6.00,est,,RC,IMG_4866,,UNLISTED
,2025,Signature Series,,50,Vlad Goldin,Heat,,,,,,,1,6.00,est,,RC,IMG_4867,,UNLISTED
,2025,Panini,NBA Hoops Next Episode,7,Kon Knueppel,Hornets,,,,,,,1,6.00,est,,RC,IMG_4867,,UNLISTED
,2025,Donruss,Rated Rookie,17,Neoklis Avdalas,,Green,,,,,,1,6.00,est,,RC; confirm team,IMG_4867,,UNLISTED
,2025,Donruss,Rated Rookie,30,Jamir Watkins,Wizards,Green,,,,,,1,6.00,est,,RC,IMG_4867,,UNLISTED
,2025,Bowman,Chrome,30,Jamir Watkins,Wizards,,,,,,,1,6.00,est,,RC,IMG_4867,,UNLISTED
,,Donruss,Optic Rated Prospect,,Kayson Cunningham,Diamondbacks,Orange,,,,,,1,6.00,est,,RC,IMG_4868,,UNLISTED
,,Donruss,Rated Prospect,,Ryan Sloan,Mariners,,,,,,,1,6.00,est,,RC,IMG_4868,,UNLISTED
,2025,Panini,NBA Hoops,77,VJ Edgecombe,76ers,,,,,,,1,6.00,est,,RC,IMG_4869,,UNLISTED
,2025,Panini,Mosaic Notoriety,6,Jalen Milroe,Seahawks,,,,,,,1,6.00,est,,RC,IMG_4870,,UNLISTED
,2025,Panini,Absolute,53,Oluwafemi Oladejo,Titans,,,,,,,1,6.00,est,,RC,IMG_4870,,UNLISTED
,,Panini,Prizm,5,AJ McCarron,Bengals,,,,,,,1,6.00,est,,RC,IMG_4870,,UNLISTED
,2025,Panini,Mosaic Notoriety,,Shedeur Sanders,Browns,,,,,,,1,6.00,est,,RC,IMG_4871,,UNLISTED
,2025,Panini,Mosaic,44,Cam Skattebo,Giants,Silver,,,,,,1,6.00,est,,RC,IMG_4872,,UNLISTED
,,Panini,Select,,Bijan Robinson,Falcons,,,,,,,1,6.00,est,,RC,IMG_4872,,UNLISTED
,2023,Panini,Select,,C.J. Stroud,Texans,,,,,,,1,6.00,est,,RC,IMG_4873,,UNLISTED
,2025,Topps,Chrome Power Players,,Abdul Carter,Giants,,,,,,,1,6.00,est,,RC,IMG_4874,,UNLISTED
,,Topps,Chrome,,Michael Penix Jr.,Falcons,Blue Refractor,,,,,,1,6.00,est,,RC,IMG_4874,,UNLISTED
,2025,Topps,Chrome Power Players,,Travis Hunter,Jaguars,,,,,,,1,6.00,est,,RC,IMG_4874,,UNLISTED
,2025,Topps,Chrome,,Cam Ward,Titans,Refractor,,,,,,1,6.00,est,,RC,IMG_4875,,UNLISTED
,2025,Donruss,Rookies (White Hot),,Travis Hunter,Jaguars,,,,,,,1,6.00,est,,RC,IMG_4875,,UNLISTED
,,Panini,Mosaic NFL Debut,,Michael Penix Jr.,Falcons,Pink Camo,,,,,,1,6.00,est,,RC,IMG_4875,,UNLISTED
,,Panini,Origins,45,Keon Johnson,Clippers,,,,,,,1,6.00,est,,RC,IMG_4876,,UNLISTED
,2025,Topps,Midnight,77,Ben Saraf,Nets,,,,,,,1,6.00,est,,RC,IMG_4876,,UNLISTED
,,Panini,Prizm,0,Jaylen Wells,Grizzlies,Red,,,,,,1,6.00,est,,RC,IMG_4882,,UNLISTED
,2014,Panini,Prizm,,Noah Vonleh,Hornets,,,,,,,1,6.00,est,,RC,IMG_4884,,UNLISTED
,2025,Topps,Unfazed,24,Tyrese Proctor,Cavaliers,,,,,,,1,6.00,est,,RC,IMG_4886,,UNLISTED
,2024,Panini,Select Rookie Revolution,00,Ron Holland II,Pistons,,,,,,,1,6.00,est,,RC,IMG_4888,,UNLISTED
,2014,Panini,Prizm,12,T.J. Warren,Suns,,,,,,,1,6.00,est,,RC,IMG_4888,,UNLISTED
,2025,Topps,(Round 1 Pick 3),77,VJ Edgecombe,76ers,,,,,,,1,6.00,est,,RC,IMG_4889,,UNLISTED
,2024,Panini,Prizm,0,Ron Holland II,Pistons,Red Sparkle,,,,,,1,6.00,est,,RC,IMG_4890,,UNLISTED
,2025,Panini,Prizm Prizmatic,87,Luther Burden III,Bears,,,,,,,1,6.00,est,,RC,IMG_4891,,UNLISTED
,2024,Donruss,Optic Rated Rookie,15,Jalen McMillan,Buccaneers,Blue,,,,,,1,6.00,est,,RC,IMG_4891,,UNLISTED
,,Donruss,Optic Rated Prospect,,Mitch Voit,Yankees,Orange,,,,,,1,6.00,est,,RC,IMG_4892,,UNLISTED
,,Topps,Chrome,28,Brice Matthews,Astros,Negative,,,,,,1,6.00,est,,RC,IMG_4893,,UNLISTED
,,Donruss,Unleashed,,Chase DeLauter,Guardians,,,,,,,1,6.00,est,,RC,IMG_4893,,UNLISTED
,,Donruss,Rated Prospect,,Kevin McGonigle,Tigers,,,,,,,1,6.00,est,,RC,IMG_4894,,UNLISTED
,2024,Panini,Prizm Groovy,14,Matas Buzelis,Bulls,Pink,,,,,,1,6.00,est,,"RC, sealed",IMG_4899,,UNLISTED
,2025,Bowman,Sterling Chrome,14,Jac Caglianone,Royals,,,,,,,1,6.00,est,,"RC, sealed",IMG_4903,,UNLISTED
,2025,Topps,Chrome,7,Kon Knueppel,Hornets,,,,,,,1,6.00,est,,"RC, sealed",IMG_4905,,UNLISTED
,,Topps,Finest,,Cam Schlittler,Yankees,,,,,,,1,6.00,est,,RC,IMG_4907,,UNLISTED
,,Topps,Finest,,Munetaka Murakami,White Sox,,,,,,,1,6.00,est,,RC; confirm team,IMG_4907,,UNLISTED
,,Topps,Stars of MLB,,Ceddanne Rafaela,Red Sox,,,,,,,1,6.00,est,,RC,IMG_4908,,UNLISTED
,,Topps,Finest Arrivals,,Nolan McLean,Mets,,,,,,,1,6.00,est,,RC,IMG_4909,,UNLISTED
,,Topps,Finest Arrivals,,Kevin McGonigle,Tigers,,,,,,,1,6.00,est,,RC,IMG_4909,,UNLISTED
,,Topps,Finest Arrivals,27,Sal Stewart,Reds,,,,,,,1,6.00,est,,RC,IMG_4910,,UNLISTED
,,Topps,Finest,,JJ Wetherholt,Cardinals,,,,,,,1,6.00,est,,RC,IMG_4910,,UNLISTED
,,Topps,Finest Arrivals,,Cole Young,Mariners,,,,,,,1,6.00,est,,RC,IMG_4911,,UNLISTED
,1999,Fleer,Tradition,,Tim James,Heat,,,,,,,1,6.00,est,,RC,IMG_4912,,UNLISTED
,1999,Fleer,Tradition,,Aleksandar Radojevic,Raptors,,,,,,,1,6.00,est,,RC,IMG_4912,,UNLISTED
,1999,Fleer,Tradition,,Trajan Langdon,Cavaliers,,,,,,,1,6.00,est,,RC,IMG_4912,,UNLISTED
,1999,Fleer,Tradition,,Richard Hamilton,Wizards,,,,,,,1,6.00,est,,RC,IMG_4912,,UNLISTED
,1999,Fleer,Tradition,,Jonathan Bender,Pacers,,,,,,,1,6.00,est,,RC,IMG_4913,,UNLISTED
,1999,Fleer,Tradition,,William Avery,Timberwolves,,,,,,,1,6.00,est,,RC,IMG_4914,,UNLISTED
,1999,Fleer,Tradition,,Andre Miller,Cavaliers,,,,,,,1,6.00,est,,RC,IMG_4915,,UNLISTED
,1999,Fleer,Tradition,,Aleksandar Radojevic,Raptors,,,,,,,1,6.00,est,,RC,IMG_4915,,UNLISTED
,1999,Fleer,Tradition,,Kenny Thomas,Rockets,,,,,,,1,6.00,est,,RC,IMG_4917,,UNLISTED
,,Upper Deck,Home Court Advantage,44,Keith Van Horn,Nets,,,,,,,1,6.00,est,,RC-era,IMG_4918,,UNLISTED
,2025,Topps,(Round 1 Pick 2),2,Dylan Harper,Spurs,,,,,,,1,6.00,est,,RC,IMG_4919,,UNLISTED
,,Panini,Prizm,25,KJ Simpson Jr.,Hornets,Blue Sparkle,,,,,,1,6.00,est,,RC,IMG_4920,,UNLISTED
,1999,Fleer,Tradition Dream Scene,,Shawn Marion,Suns,,,,,,,1,6.00,est,,RC,IMG_4921,,UNLISTED
,,Upper Deck,Pros & Prospects ProActive,20,Larry Hughes,Warriors,,,,,,,1,6.00,est,,RC-era,IMG_4921,,UNLISTED
,1999,Fleer,Tradition,,Lamar Odom,Clippers,,,,,,,1,6.00,est,,RC,IMG_4922,,UNLISTED
,1999,Fleer,Tradition,,Ron Artest,Bulls,,,,,,,1,6.00,est,,RC,IMG_4922,,UNLISTED
,1999,Fleer,Tradition,,Andre Miller,Cavaliers,,,,,,,1,6.00,est,,RC,IMG_4922,,UNLISTED
,2025,Topps,Rookie Wave,4,Tetairoa McMillan,Panthers,,,,,,,1,6.00,est,,RC,IMG_4925,,UNLISTED
,2025,Topps,Chrome,,Pat Bryant,Broncos,Xfractor,,,,,,1,6.00,est,,RC; confirm player,IMG_4925,,UNLISTED
,2025,Topps,Chrome,,Kaleb Johnson,Steelers,,,,,,,1,6.00,est,,RC,IMG_4925,,UNLISTED
,2025,Donruss,Optic Rated Rookie,11,Jalon Walker,Falcons,Pink,,,,,,1,6.00,est,,RC,IMG_4925,,UNLISTED
,2025,Donruss,Optic Rated Rookie,31,DJ Giddens,Colts,Pink,,,,,,1,6.00,est,,RC,IMG_4926,,UNLISTED
,,Topps,Chrome,23,Roschon Johnson,Bears,,,,,,,1,6.00,est,,RC,IMG_4926,,UNLISTED
,2024,Donruss,Optic Rated Rookie,7,Bucky Irving,Buccaneers,,,,,,,1,6.00,est,,RC,IMG_4927,,UNLISTED
,2025,Panini,Elevate,87,Luther Burden III,Bears,,,,,,,1,6.00,est,,RC,IMG_4927,,UNLISTED
,2025,Topps,Chrome,,Elijah Arroyo,Seahawks,,,,,,,1,6.00,est,,RC,IMG_4927,,UNLISTED
,2025,Panini,Notoriety,,Cam Ward,Titans,,,,,,,1,6.00,est,,RC,IMG_4927,,UNLISTED
,2025,Panini,Mosaic Elevate,12,Travis Hunter,Jaguars,Blue,,,,,,1,6.00,est,,RC,IMG_4928,,UNLISTED
,2025,Topps,Chrome,91,Tyleik Williams,Lions,Xfractor,,,,,,1,6.00,est,,RC,IMG_4928,,UNLISTED
,2025,Panini,Mosaic Notoriety,,Abdul Carter,Giants,,,,,,,1,6.00,est,,RC,IMG_4929,,UNLISTED
,2025,Topps,Chrome,24,Malaki Starks,Ravens,Refractor,,,,,,1,6.00,est,,RC,IMG_4930,,UNLISTED
,2025,Topps,Chrome,13,Pat Bryant,Broncos,,,,,,,1,6.00,est,,RC,IMG_4931,,UNLISTED
,2025,Panini,Prizm,9,Emeka Egbuka,Buccaneers,,,,,,,1,6.00,est,,RC,IMG_4931,,UNLISTED
,2020,Panini,Mosaic,10,Justin Herbert,Chargers,Red,,,,,,1,6.00,est,,RC,IMG_4931,,UNLISTED
,2025,Panini,Mosaic,12,Shedeur Sanders,Browns,Pink Camo,,,,,,1,6.00,est,,RC,IMG_4932,,UNLISTED
,2025,Panini,Mosaic,12,Shedeur Sanders,Browns,Green,,,,,,1,6.00,est,,RC,IMG_4932,,UNLISTED
,2025,Panini,Mosaic,22,Matthew Golden,Packers,Pink Camo,,,,,,1,6.00,est,,RC,IMG_4933,,UNLISTED
,2025,Panini,Mosaic,20,Kaleb Johnson,Steelers,Pink Camo,,,,,,1,6.00,est,,RC,IMG_4933,,UNLISTED
,,Bowman,,,Jo Adell,Angels,,,,,,,1,6.00,est,,RC,IMG_4934,,UNLISTED
,2024,Panini,Prizm,18,Caleb Williams,Bears,,,,,,,1,6.00,est,,"RC, sealed",IMG_4935,,UNLISTED
,2025,Panini,Phoenix Thunderbirds,2,Ashton Jeanty,Raiders,,,,,,,1,6.00,est,,"RC, sealed",IMG_4935,,UNLISTED
,2025,Donruss,Rated Rookie,3,Walter Clayton Jr.,Jazz,,,,,,,1,6.00,est,,RC,IMG_4936,,UNLISTED
,2020,Panini,Prizm,2,LaMelo Ball,Hornets,Red Wave,,,,,,1,6.00,est,,"RC, sealed",IMG_4936,,UNLISTED
,2025,Panini,NBA Hoops,7,Kon Knueppel,Hornets,,,,,,,1,6.00,est,,RC,IMG_4939,,UNLISTED
,2025,Donruss,Optic Rated Rookie,9,Emeka Egbuka,Buccaneers,Blue,,,,,,1,6.00,est,,RC,IMG_4942,,UNLISTED
,2025,Donruss,Optic Rated Rookie,,Shedeur Sanders,Browns,Purple,,,,,,1,6.00,est,,RC,IMG_4942,,UNLISTED
,,Donruss,Optic,,Chandler Simpson,Rays,Orange,,,,,,1,6.00,est,,RC,IMG_4946,,UNLISTED
,,Donruss,,22,Cade Horton,Cubs,,,,,,,1,6.00,est,,RC,IMG_4946,,UNLISTED
,,Bowman,Bowman's Best,,Bubba Chandler,Pirates,,,,,,,1,6.00,est,,"RC, sealed",IMG_4947,,UNLISTED
,2025,Donruss,Optic Rated Rookie,84,Tyler Warren,Colts,,,,,,,1,6.00,est,,RC,IMG_4948,,UNLISTED
,2025,Panini,Phoenix Paragon,,Jaxson Dart,Giants,,,,,,,1,6.00,est,,"RC, sealed",IMG_4948,,UNLISTED
,2025,Topps,Chrome,,Kon Knueppel,Hornets,,,,,,,1,6.00,est,,"RC, sealed",IMG_4949,,UNLISTED
,2024,Panini,Absolute,15,Rome Odunze,Bears,,,,,,,1,6.00,est,,"RC, sealed",IMG_4950,,UNLISTED
,2025,Donruss,Optic Rated Rookie,3,Nick Emmanwori,Seahawks,Blue,,,,,,1,6.00,est,,RC,IMG_4950,,UNLISTED
,2025,Panini,NBA Hoops Next Episode,19,Joan Beringer,Timberwolves,,,,,,,1,6.00,est,,RC,IMG_4951,,UNLISTED
,2024,Panini,Prizm,3,Dillon Jones,Thunder,,,,,,,1,6.00,est,,RC,IMG_4952,,UNLISTED
,,Bowman,Sterling Chrome,,Max Clark,Tigers,,,,,,,1,6.00,est,,"RC prospect, sealed",IMG_4955,,UNLISTED
,,Panini,Prizm,99,Aaron Donald,Rams,Checkerboard,,,,,,1,5.00,sticker,,,IMG_4836,,UNLISTED
,,Panini,Fuzion,18,Justin Jefferson,Vikings,,,,,,,1,5.00,sticker,,,IMG_4837,,UNLISTED
,,Panini,Mosaic National Pride,13,Brock Purdy,49ers,,,,,,,1,5.00,sticker,,patriotic insert,IMG_4841,,UNLISTED
,,Donruss,Elite Series,,Nick Kurtz,Athletics,Gold,03/99,,,,,1,5.00,sticker,,,IMG_4847,,UNLISTED
,,Panini,Mosaic NBA Greats,32,Magic Johnson,Lakers,Pink Camo,,,,,,1,3.00,est,,,IMG_4815,,UNLISTED
,,Panini,Prizm,,Byron Buxton,Twins,Silver/Prizm,,,,,,1,3.00,est,,,IMG_4821,,UNLISTED
,,Topps,Home Field Advantage,,Bryce Harper,Phillies,,,,,,,1,3.00,est,,patriotic insert,IMG_4821,,UNLISTED
,,Topps,,18,Yoshinobu Yamamoto,Dodgers,,,,,,,1,3.00,est,,art/living-set style,IMG_4821,,UNLISTED
,,Panini,Select,14,Sam Darnold,Panthers,,,,,,,1,3.00,est,,,IMG_4822,,UNLISTED
,,Panini,Select,90,Jordan Davis,Eagles,Zebra,,,,,,1,3.00,est,,,IMG_4824,,UNLISTED
,,Leaf,(sportscaster-style),21,Roberto Clemente,Pirates,,,,,,,1,3.00,est,,,IMG_4830,,UNLISTED
,,Panini,Origins,,Bam Adebayo,Heat,Red,,,,,,1,3.00,est,,confirm set,IMG_4831,,UNLISTED
,,Panini,Prizm,,Amon-Ra St. Brown,Lions,Pink,,,,,,1,3.00,est,,,IMG_4832,,UNLISTED
,,Panini,Mosaic,,Robert Quinn,Bears,Gold,,,,,,1,3.00,est,,,IMG_4832,,UNLISTED
,,Topps,Chrome Fanatical,2,Cade Cunningham,Pistons,,,,,,,1,3.00,est,,,IMG_4833,,UNLISTED
,,Panini,Mosaic,88,Dawson Knox,Bills,Gold,,,,,,1,3.00,est,,,IMG_4834,,UNLISTED
,,Panini,Mosaic,,DK Metcalf,Seahawks,Disco/Silver,,,,,,1,3.00,est,,,IMG_4834,,UNLISTED
,,Panini,Mosaic,30,Terrell Davis,Broncos,Silver,,,,,,1,3.00,est,,,IMG_4835,,UNLISTED
,,Skybox,E-X E-Xceptional,7,Lamar Odom,Clippers,Green,,,,,,1,3.00,est,,,IMG_4840,,UNLISTED
,,Panini,Mosaic,10,Justin Herbert,Chargers,Cracked Ice/Silver,,,,,,1,3.00,est,,,IMG_4842,,UNLISTED
,,Panini,Select UFC,,TJ Dillashaw,UFC,,,,,,,1,3.00,est,,,IMG_4843,,UNLISTED
,,Panini,Select,5,David Montgomery,Lions,Zebra,,,,,,1,3.00,est,,,IMG_4844,,UNLISTED
,,Topps,Chrome,11,Jalen Brunson,Knicks,Xfractor,,,,,,1,3.00,est,,,IMG_4845,,UNLISTED
,,Bowman,Chrome Top 100,13,Travis Bazzana,Guardians,,,,,,,1,3.00,est,,prospect,IMG_4847,,UNLISTED
,,Panini,Mosaic Got Game?,,George Kittle,49ers,Gold,,,,,,1,3.00,est,,,IMG_4848,,UNLISTED
,,Panini,Mosaic England Games,5,Garrett Wilson,Jets,Green,,,,,,1,3.00,est,,,IMG_4858,,UNLISTED
,,Panini,Prizm,94,DeMarcus Ware,Broncos,Silver,,,,,,1,3.00,est,,,IMG_4859,,UNLISTED
,,Panini,Prizm,30,Terrell Davis,Broncos,Red,,,,,,1,3.00,est,,,IMG_4859,,UNLISTED
,,Donruss,Optic Light It Up,7,C.J. Stroud,Texans,,,,,,,1,3.00,est,,,IMG_4859,,UNLISTED
,,Topps,Paramount Pairings,,Drake Maye / Stefon Diggs,Patriots,,,,,,,1,3.00,est,,dual,IMG_4860,,UNLISTED
,,Topps,Paramount Pairings,,Bo Nix / Courtland Sutton,Broncos,,,,,,,1,3.00,est,,dual,IMG_4860,,UNLISTED
,,Topps,Total Touchdowns,10,Drake Maye,Patriots,,,,,,,1,3.00,est,,,IMG_4860,,UNLISTED
,1996-97,Fleer,Hardwood Leader,32,Shaquille O'Neal,Magic,,,,,,,1,3.00,est,,,IMG_4861,,UNLISTED
,,Upper Deck,,33,Scottie Pippen,Bulls,,,,,,,1,3.00,est,,,IMG_4861,,UNLISTED
,,Upper Deck,Pros & Prospects ProActive,34,Shaquille O'Neal,Lakers,,,,,,,1,3.00,est,,,IMG_4861,,UNLISTED
,,Donruss,Elite Back to the Future,,Roger Clemens / Trey Yesavage,Blue Jays,,,,,,,1,3.00,est,,dual,IMG_4862,,UNLISTED
,,Donruss,Elite,,Chipper Jones,Braves,,,,,,,1,3.00,est,,,IMG_4863,,UNLISTED
,,Topps,(1963 refractor insert),,Roberto Clemente,Pirates,,,,,,,1,3.00,est,,,IMG_4863,,UNLISTED
,,Donruss,Elite,,Cam Smith,Astros,Gold,,,,,,1,3.00,est,,,IMG_4863,,UNLISTED
,,Topps,75th (1963 insert),,Hank Aaron,Braves,,,,,,,1,3.00,est,,,IMG_4864,,UNLISTED
,,Topps,75th (1963 insert),,Willie Mays,Giants,,,,,,,1,3.00,est,,,IMG_4864,,UNLISTED
,,Topps,Chrome 75th,,Elly De La Cruz,Reds,,,,,,,1,3.00,est,,,IMG_4864,,UNLISTED
,,Topps,75th (1963 insert),,Pete Rose,Reds,,,,,,,1,3.00,est,,Pete Rose Debut,IMG_4864,,UNLISTED
,,Topps,Heritage,,Albert Pujols,Cardinals,,,,,,,1,3.00,est,,,IMG_4864,,UNLISTED
,,Panini,Mosaic Numbers Matter,89,Brock Bowers,Raiders,,,,,,,1,3.00,est,,,IMG_4865,,UNLISTED
,,Topps,Chrome,15,Ladd McConkey,Chargers,Gold Xfractor,,,,,,1,3.00,est,,,IMG_4865,,UNLISTED
,,Panini,NBA Hoops All-Star,,Jalen Brunson,Knicks,Holo,,,,,,1,3.00,est,,,IMG_4866,,UNLISTED
,,Panini,Prizm Representatives,32,Karl Malone,Jazz,,,,,,,1,3.00,est,,,IMG_4866,,UNLISTED
,,Panini,NBA Hoops Hoopers,3,Anthony Davis,Mavericks,,,,,,,1,3.00,est,,,IMG_4866,,UNLISTED
,,Donruss,Unleashed,,Luke Keaschall,Twins,,,,,,,1,3.00,est,,,IMG_4868,,UNLISTED
,,Donruss,Bomb Squad,,Albert Pujols,Cardinals,,,,,,,1,3.00,est,,,IMG_4868,,UNLISTED
,,Topps,,,Whit Merrifield,Phillies,Green,,,,,,1,3.00,est,,,IMG_4868,,UNLISTED
,,Panini,Prizm,24,Sam Jones,Celtics,Gold,,,,,,1,3.00,est,,,IMG_4869,,UNLISTED
,,Panini,Prizm,1,Oscar Robertson,Bucks,Blue,,,,,,1,3.00,est,,,IMG_4869,,UNLISTED
,,Panini,Prizm,,Tyson Chandler,Mavericks,Purple,,,,,,1,3.00,est,,,IMG_4869,,UNLISTED
,,Upper Deck,Pros & Prospects Star Command,34,Shaquille O'Neal,Lakers,,,,,,,1,3.00,est,,,IMG_4869,,UNLISTED
,,Panini,Gridiron Kings,1,Travis Etienne Jr.,Jaguars,,,,,,,1,3.00,est,,,IMG_4870,,UNLISTED
,,Panini,Prizm,81,Anquan Boldin,49ers,,,,,,,1,3.00,est,,,IMG_4870,,UNLISTED
,,Panini,Mosaic,88,CeeDee Lamb,Cowboys,Pink Camo,,,,,,1,3.00,est,,,IMG_4870,,UNLISTED
,,Topps,Chrome All-Chrome,26,Saquon Barkley,Eagles,,,,,,,1,3.00,est,,,IMG_4871,,UNLISTED
,,Panini,Select,,Dak Prescott,Cowboys,Silver,,,,,,1,3.00,est,,,IMG_4871,,UNLISTED
,,Panini,Mosaic Epic Performers,11,Larry Fitzgerald,Cardinals,Green/Red,,,,,,1,3.00,est,,,IMG_4871,,UNLISTED
,,Panini,Mosaic Men of Mastery,18,Peyton Manning,Colts,,,,,,,1,3.00,est,,,IMG_4871,,UNLISTED
,,Panini,Mosaic Overdrive,41,Alvin Kamara,Saints,,,,,,,1,3.00,est,,,IMG_4871,,UNLISTED
,,Panini,Mosaic Notoriety,22,Derrick Henry,Ravens,Silver,,,,,,1,3.00,est,,,IMG_4872,,UNLISTED
,,Panini,Mosaic,10,Justin Herbert,Chargers,Pink Camo,,,,,,1,3.00,est,,,IMG_4872,,UNLISTED
,,Panini,Mosaic,1,Kyler Murray,Cardinals,Pink Camo,,,,,,1,3.00,est,,,IMG_4872,,UNLISTED
,,Panini,Mosaic Touchdown Masters,81,Calvin Johnson,Lions,,,,,,,1,3.00,est,,,IMG_4872,,UNLISTED
,,Panini,Mosaic,4,Dak Prescott,Cowboys,Pink Camo,,,,,,1,3.00,est,,,IMG_4873,,UNLISTED
,,Panini,Mosaic Touchdown Masters,11,Larry Fitzgerald,Cardinals,,,,,,,1,3.00,est,,,IMG_4873,,UNLISTED
,,Topps,(Round 2 Pick 23),85,Trey McBride,Cardinals,,,,,,,1,3.00,est,,,IMG_4874,,UNLISTED
,,Topps,Chrome,2,Josh Downs,Colts,Gold Xfractor,,,,,,1,3.00,est,,,IMG_4874,,UNLISTED
,,Donruss,Optic Bash Brothers,,C.J. Stroud / Nico Collins,Texans,,,,,,,1,3.00,est,,dual,IMG_4875,,UNLISTED
,,Topps,(The Game insert),32,Jason Kidd,Suns,,,,,,,1,3.00,est,,,IMG_4876,,UNLISTED
,,Topps,Chrome,3,Allen Iverson,76ers,,,,,,,1,3.00,est,,,IMG_4876,,UNLISTED
,,Panini,Limited,24,Walker Kessler,Jazz,,,,,,,1,3.00,est,,,IMG_4877,,UNLISTED
,,Panini,Limited Star Factor,23,Anthony Davis,Pelicans,,,,,,,1,3.00,est,,,IMG_4877,,UNLISTED
,,Upper Deck,Pros & Prospects,3,Allen Iverson,76ers,,,,,,,1,3.00,est,,,IMG_4878,,UNLISTED
,2000-01,Upper Deck,Hardcourt Home Court Advantage,,Bulls player (confirm),Bulls,,,,,,,1,3.00,est,,confirm player,IMG_4879,,UNLISTED
,2000-01,Upper Deck,Hardcourt,,76ers player (confirm - Iverson?),76ers,,,,,,,1,3.00,est,,confirm player,IMG_4879,,UNLISTED
,2000-01,Upper Deck,Hardcourt Home Court Advantage,11,Zydrunas Ilgauskas,Cavaliers,,,,,,,1,3.00,est,,,IMG_4879,,UNLISTED
,2000-01,Upper Deck,Hardcourt,33,Patrick Ewing,Knicks,,,,,,,1,3.00,est,,confirm player,IMG_4879,,UNLISTED
,,Panini,Prizm,40,Ivica Zubac,Clippers,Red Sparkle,,,,,,1,3.00,est,,,IMG_4882,,UNLISTED
,,Panini,Prizm,,Ben Simmons,Nets,Red Sparkle,,,,,,1,3.00,est,,,IMG_4882,,UNLISTED
,,Panini,Prizm,24,Jordan Hawkins,Pelicans,Red Sparkle,,,,,,1,3.00,est,,,IMG_4882,,UNLISTED
,,Panini,Prizm,,Robert Williams III,Celtics,Red Sparkle,,,,,,1,3.00,est,,,IMG_4882,,UNLISTED
,,Panini,Prizm,,James Wiseman,Warriors,Red Sparkle,,,,,,1,3.00,est,,,IMG_4882,,UNLISTED
,,Panini,Prizm,12,Kendrick Nunn,Lakers,Red Sparkle,,,,,,1,3.00,est,,,IMG_4883,,UNLISTED
,,Panini,Prizm,9,Gerald Henderson,Hornets,Blue,,,,,,1,3.00,est,,,IMG_4884,,UNLISTED
,,Upper Deck,Pros & Prospects,21,Tim Duncan,Spurs,,,,,,,1,3.00,est,,,IMG_4884,,UNLISTED
,,Panini,Prizm,,Marc Gasol,Grizzlies,Blue,,,,,,1,3.00,est,,,IMG_4884,,UNLISTED
,,Panini,Prizm,35,Kenneth Faried,Nuggets,Gold/Red,,,,,,1,3.00,est,,,IMG_4884,,UNLISTED
,,Panini,Prizm,,Tobias Harris,Magic,Blue,,,,,,1,3.00,est,,,IMG_4884,,UNLISTED
,,Panini,Prizm,,Greg Monroe,Pistons,Blue/Green,,,,,,1,3.00,est,,,IMG_4885,,UNLISTED
,,Panini,Prizm,11,Brook Lopez,Nets,Gold/Red,,,,,,1,3.00,est,,,IMG_4885,,UNLISTED
,,Panini,Prizm,11,Brandon Knight,Bucks,Gold,,,,,,1,3.00,est,,,IMG_4885,,UNLISTED
,,Upper Deck,Pros & Prospects ProActive,,Chris Webber,Kings,,,,,,,1,3.00,est,,,IMG_4885,,UNLISTED
,,Upper Deck,Pros & Prospects,15,Vince Carter,Raptors,,,,,,,1,3.00,est,,,IMG_4885,,UNLISTED
,,Panini,Prizm,,Jerry Sloan,Bulls,,,,,,,1,3.00,est,,,IMG_4886,,UNLISTED
,,Panini,Prizm,,Craig Ehlo,Cavaliers,,,,,,,1,3.00,est,,,IMG_4886,,UNLISTED
,,Topps,(Round 1 Pick 2),7,Kevin Durant,Rockets,,,,,,,1,3.00,est,,,IMG_4886,,UNLISTED
,,Topps,(Round 1 Pick 13),45,Donovan Mitchell,Cavaliers,,,,,,,1,3.00,est,,,IMG_4886,,UNLISTED
,,Upper Deck,Hardcourt,,Jerry Stackhouse,Pistons,,,,,,,1,3.00,est,,,IMG_4886,,UNLISTED
,,Upper Deck,Hardcourt,15,Clippers player #15 (confirm),Clippers,,,,,,,1,3.00,est,,confirm player,IMG_4887,,UNLISTED
,,Upper Deck,Pros & Prospects,33,Scottie Pippen,Trail Blazers,,,,,,,1,3.00,est,,,IMG_4887,,UNLISTED
,,Upper Deck,Pros & Prospects Star Command,4,Chris Webber,Kings,,,,,,,1,3.00,est,,,IMG_4887,,UNLISTED
,,Panini,NBA Hoops,9,Rajon Rondo,Celtics,,,,,,,1,3.00,est,,,IMG_4887,,UNLISTED
,2025,Panini,NBA Hoops All-Star,,Dalton Knecht,Lakers,Holo,,,,,,1,3.00,est,,,IMG_4887,,UNLISTED
,,Upper Deck,Hardcourt,21,Kevin Garnett,Timberwolves,,,,,,,1,3.00,est,,,IMG_4887,,UNLISTED
,,Panini,NBA Hoops Playoffs,28,Alperen Sengun,Rockets,,,,,,,1,3.00,est,,,IMG_4888,,UNLISTED
,,Panini,Prizm Representatives,,Marc Gasol,Grizzlies,,,,,,,1,3.00,est,,,IMG_4888,,UNLISTED
,,Upper Deck,Hardcourt,44,Keith Van Horn,Nets,,,,,,,1,3.00,est,,confirm team,IMG_4888,,UNLISTED
,,Topps,(Gallery/art),33,Patrick Ewing,Knicks,,,,,,,1,3.00,est,,,IMG_4888,,UNLISTED
,,Panini,Prizm,4,Michael Finley,Spurs,,,,,,,1,3.00,est,,,IMG_4889,,UNLISTED
,,Panini,Prizm,17,Dennis Schroder,Hawks,Blue,,,,,,1,3.00,est,,,IMG_4889,,UNLISTED
,,Panini,Prizm,,Jason Terry,Rockets,Green,,,,,,1,3.00,est,,,IMG_4889,,UNLISTED
,,Panini,Prizm,33,Patrick Ewing,Knicks,,,,,,,1,3.00,est,,,IMG_4889,,UNLISTED
,,Panini,Prizm,23,Zach Collins,Spurs,Red Sparkle,,,,,,1,3.00,est,,,IMG_4890,,UNLISTED
,,Panini,Prizm,14,Jameer Nelson,Mavericks,Gold,,,,,,1,3.00,est,,,IMG_4890,,UNLISTED
,,Panini,Prizm,1,Max Strus,Cavaliers,Red Sparkle,,,,,,1,3.00,est,,,IMG_4890,,UNLISTED
,,Panini,Prizm,,Spencer Turnbull,Tigers,White Sparkle,,,,,,1,3.00,est,,,IMG_4892,,UNLISTED
,,Donruss,Bomb Squad,,Sammy Sosa,Cubs,,,,,,,1,3.00,est,,,IMG_4892,,UNLISTED
,,Topps,Chrome Fanatical,,Fernando Tatis Jr.,Padres,,,,,,,1,3.00,est,,,IMG_4893,,UNLISTED
,,Donruss,Optic,,Elston Howard,Yankees,Orange,,,,,,1,3.00,est,,,IMG_4893,,UNLISTED
,,Donruss,,,David Ortiz,Red Sox,Red,,,,,,1,3.00,est,,,IMG_4893,,UNLISTED
,,Panini,Prizm,27,Jose Altuve,Astros,White Sparkle,,,,,,1,3.00,est,,,IMG_4894,,UNLISTED
,,Topps,Chrome (1955 style),,Eddie Murray,Orioles,Gold Refractor,,,,,,1,3.00,est,,facsimile sig insert,IMG_4894,,UNLISTED
,,Donruss,,,Javier Baez,Tigers,Purple,,,,,,1,3.00,est,,,IMG_4894,,UNLISTED
,,Panini,Prizm Legends,6,Julius Erving,76ers,Red Cracked Ice,,,,,,1,3.00,est,,,IMG_4899,,UNLISTED
,2019,Topps,,8,Ryan Braun,Brewers,,,,,,,1,3.00,est,,,IMG_4903,,UNLISTED
,,Topps,Chrome Wild Jungle,,Hamburger SV player (confirm),Hamburger SV,,,,,,,1,3.00,est,,soccer insert; confirm player,IMG_4904,,UNLISTED
,1996-97,Fleer,Stackhouse's All-Fleer,33,Grant Hill,Pistons,,,,,,,1,3.00,est,,,IMG_4905,,UNLISTED
,1996-97,Fleer,Hardwood Leader,5,Jason Kidd,Mavericks,,,,,,,1,3.00,est,,,IMG_4905,,UNLISTED
,,Topps,Chrome,87,Travis Kelce,Chiefs,,,,,,,1,3.00,est,,,IMG_4906,,UNLISTED
,,Donruss,Elite Prospects,,Arjun Nimmala,Blue Jays,Orange,,,,,,1,3.00,est,,,IMG_4908,,UNLISTED
,,Donruss,Elite Prospects,,Ryan Sloan,Mariners,Orange,,,,,,1,3.00,est,,,IMG_4908,,UNLISTED
,,Donruss,,,Satchel Paige,St. Louis Browns,,,,,,,1,3.00,est,,,IMG_4908,,UNLISTED
,,Topps,Finest Timelines,23,Kirk Gibson,Dodgers,,,,,,,1,3.00,est,,,IMG_4909,,UNLISTED
,,Topps,Finest,,Brice Turang,Brewers,,,,,,,1,3.00,est,,,IMG_4909,,UNLISTED
,,Topps,Finest,25,Byron Buxton,Twins,,,,,,,1,3.00,est,,,IMG_4909,,UNLISTED
,,Topps,Finest,21,Hunter Greene,Reds,,,,,,,1,3.00,est,,,IMG_4910,,UNLISTED
,,Topps,Finest Team Finest,,Edwin Diaz,Mets,,,,,,,1,3.00,est,,confirm team,IMG_4910,,UNLISTED
,,Topps,Finest,,Corey Seager,Rangers,,,,,,,1,3.00,est,,,IMG_4910,,UNLISTED
,,Topps,Finest,,Junior Caminero,Rays,,,,,,,1,3.00,est,,,IMG_4911,,UNLISTED
,,Topps,Finest Team Finest,,Corbin Carroll,Diamondbacks,,,,,,,1,3.00,est,,,IMG_4911,,UNLISTED
,,Topps,Finest World's Finest,,Pete Crow-Armstrong,Cubs,,,,,,,1,3.00,est,,,IMG_4911,,UNLISTED
,,Donruss,Elite,,Nolan Ryan,Rangers,,,,,,,1,3.00,est,,,IMG_4911,,UNLISTED
,,Topps,Finest World's Finest,,Bryce Harper,Phillies,,,,,,,1,3.00,est,,,IMG_4911,,UNLISTED
,,Topps,Finest Team Finest,,Cal Raleigh,Mariners,,,,,,,1,3.00,est,,,IMG_4911,,UNLISTED
,,Topps,Finest,,Carlos Rodon,Yankees,,,,,,,1,3.00,est,,,IMG_4911,,UNLISTED
,,Fleer,Tradition (Heart of Eastern),,Mitch Richmond,Wizards,,,,,,,1,3.00,est,,,IMG_4912,,UNLISTED
,,Upper Deck,Pros & Prospects ProActive,20,Gary Payton,SuperSonics,,,,,,,1,3.00,est,,,IMG_4912,,UNLISTED
,,Fleer,Tradition,,Robert Traylor,Bucks,,,,,,,1,3.00,est,,,IMG_4913,,UNLISTED
,,Panini,Origins,14,Brandon Ingram,Pelicans,,,,,,,1,3.00,est,,,IMG_4913,,UNLISTED
,,Panini,Prizm,,Bill Russell,Celtics,Gold,,,,,,1,3.00,est,,,IMG_4913,,UNLISTED
,,Panini,Origins,8,Kemba Walker,Knicks,,,,,,,1,3.00,est,,,IMG_4913,,UNLISTED
,,Topps,(Round 1 Pick 8),5,Dyson Daniels,Hawks,,,,,,,1,3.00,est,,,IMG_4914,,UNLISTED
,,Fleer,Tradition Roundball,,Steve Smith,Hawks,,,,,,,1,3.00,est,,,IMG_4914,,UNLISTED
,,Fleer,Tradition Roundball,,Roshown McLeod,Hawks,,,,,,,1,3.00,est,,,IMG_4914,,UNLISTED
,,Fleer,Tradition Roundball,,Ricky Davis,Hornets,,,,,,,1,3.00,est,,,IMG_4914,,UNLISTED
,,Upper Deck,Hardcourt,,Corey Maggette,Clippers,,,,,,,1,3.00,est,,sealed,IMG_4914,,UNLISTED
,,Panini,NBA Hoops Supreme Court,33,Scottie Pippen,Bulls,,,,,,,1,3.00,est,,sealed,IMG_4915,,UNLISTED
,,Upper Deck,Hardcourt,,Antawn Jamison,Warriors,,,,,,,1,3.00,est,,,IMG_4915,,UNLISTED
,,Fleer,Tradition Roundball,,Brent Barry,Bulls,,,,,,,1,3.00,est,,,IMG_4916,,UNLISTED
,,Fleer,Tradition Roundball,24,Jamal Mashburn,Heat,,,,,,,1,3.00,est,,,IMG_4916,,UNLISTED
,,Fleer,Tradition Roundball,,Calbert Cheaney,Wizards,,,,,,,1,3.00,est,,,IMG_4916,,UNLISTED
,,Panini,Prizm,1,Chris Bosh,Heat,Blue,,,,,,1,3.00,est,,,IMG_4916,,UNLISTED
,,Upper Deck,Pros & Prospects,41,Dirk Nowitzki,Mavericks,,,,,,,1,3.00,est,,,IMG_4916,,UNLISTED
,,Fleer,Tradition Roundball,,Robert Traylor,Bucks,,,,,,,1,3.00,est,,,IMG_4916,,UNLISTED
,,Fleer,Tradition Roundball,,Isaac Austin,Magic,,,,,,,1,3.00,est,,,IMG_4917,,UNLISTED
,,Fleer,Tradition Roundball,,Wesley Person,Cavaliers,,,,,,,1,3.00,est,,,IMG_4917,,UNLISTED
,,Panini,Origins,12,Ayo Dosunmu,Bulls,Red,,,,,,1,3.00,est,,,IMG_4917,,UNLISTED
,,Fleer,Tradition Roundball,20,Lee Nailon,Hornets,,,,,,,1,3.00,est,,,IMG_4917,,UNLISTED
,,Fleer,Tradition Roundball,,Ricky Davis,Hornets,,,,,,,1,3.00,est,,,IMG_4918,,UNLISTED
,,Fleer,Tradition Roundball,,Dee Brown,Celtics,,,,,,,1,3.00,est,,,IMG_4918,,UNLISTED
,,Fleer,Tradition Roundball,,Isaac Austin,Magic,,,,,,,1,3.00,est,,,IMG_4918,,UNLISTED
,,Fleer,Tradition Roundball,,Brent Barry,Bulls,,,,,,,1,3.00,est,,,IMG_4918,,UNLISTED
,,Fleer,Tradition Roundball,11,Dana Barros,Celtics,,,,,,,1,3.00,est,,,IMG_4918,,UNLISTED
,,Panini,Prizm,22,Tiago Splitter,Spurs,Blue,,,,,,1,3.00,est,,,IMG_4919,,UNLISTED
,,Upper Deck,Hardcourt,50,David Robinson,Spurs,,,,,,,1,3.00,est,,,IMG_4920,,UNLISTED
,,Panini,Prizm,3,Trey Burke,Jazz,Red,,,,,,1,3.00,est,,,IMG_4920,,UNLISTED
,,Fleer,Tradition Masters of the Hardwood,,Mike Bibby,Grizzlies,,,,,,,1,3.00,est,,,IMG_4920,,UNLISTED
,,Panini,Prizm,31,Jarrett Allen,Cavaliers,Blue Sparkle,,,,,,1,3.00,est,,,IMG_4920,,UNLISTED
,,Panini,Prizm,20,Gordon Hayward,Hornets,Blue Sparkle,,,,,,1,3.00,est,,,IMG_4920,,UNLISTED
,,Fleer,Tradition Roundball,,John Wallace,Knicks,,,,,,,1,3.00,est,,,IMG_4921,,UNLISTED
,,Topps,Chrome,21,Kevin Garnett,Timberwolves,,,,,,,1,3.00,est,,,IMG_4921,,UNLISTED
,,Panini,NBA Hoops,55,Isaiah Hartenstein,Thunder,,,,,,,1,3.00,est,,,IMG_4921,,UNLISTED
,1999,Fleer,Tradition Rookie Sensations,,Robert Traylor,Bucks,,,,,,,1,3.00,est,,,IMG_4922,,UNLISTED
,,Panini,NBA Hoops Highlights,0,Tyrese Haliburton,Pacers,,,,,,,1,3.00,est,,,IMG_4923,,UNLISTED
,,Panini,NBA Hoops Highlights,32,Aaron Gordon,Nuggets,,,,,,,1,3.00,est,,,IMG_4923,,UNLISTED
,,Panini,Prizm,9,Jerami Grant,Trail Blazers,,,,,,,1,3.00,est,,,IMG_4923,,UNLISTED
,,Panini,Prizm,,Bobby Portis,Bucks,Blue Sparkle,,,,,,1,3.00,est,,,IMG_4923,,UNLISTED
,,Panini,Prizm,,Bill Walton,Clippers,,,,,,,1,3.00,est,,,IMG_4923,,UNLISTED
,,Topps,Chrome Power Players,,Lamar Jackson,Ravens,,,,,,,1,3.00,est,,,IMG_4925,,UNLISTED
,,Topps,Chrome (insert),,Kerry Joseph,Lions,Checkerboard,,,,,,1,3.00,est,,confirm player,IMG_4926,,UNLISTED
,,Topps,Chrome,,Marquez Valdes-Scantling,Seahawks,Pink Xfractor,,,,,,1,3.00,est,,,IMG_4926,,UNLISTED
,2025,Panini,Absolute Introductions,,Browns Rookie Premiere (Sanders/Judkins et al),Browns,,,,,,,1,3.00,est,,"group card, sealed",IMG_4926,,UNLISTED
,,Topps,Chrome,65,Lane Johnson,Eagles,Pink Xfractor,,,,,,1,3.00,est,,,IMG_4927,,UNLISTED
,,Panini,Mosaic Touchdown Masters,5,Jayden Daniels,Commanders,,,,,,,1,3.00,est,,,IMG_4928,,UNLISTED
,,Topps,Chrome All-Chrome,88,CeeDee Lamb,Cowboys,,,,,,,1,3.00,est,,,IMG_4928,,UNLISTED
,,Topps,Chrome,65,Lane Johnson,Eagles,,,,,,,1,3.00,est,,,IMG_4928,,UNLISTED
,,Panini,Mosaic Men of Mastery,11,Larry Fitzgerald,Cardinals,,,,,,,1,3.00,est,,,IMG_4928,,UNLISTED
,,Panini,Mosaic Hall of Fame,54,Brian Urlacher,Bears,Red,,,,,,1,3.00,est,,,IMG_4929,,UNLISTED
,,Panini,Mosaic Touchdown Masters,17,Puka Nacua,Rams,,,,,,,1,3.00,est,,,IMG_4929,,UNLISTED
,,Topps,Chrome,95,Myles Garrett,Browns,,,,,,,1,3.00,est,,,IMG_4929,,UNLISTED
,,Panini,Mosaic,87,Travis Kelce,Chiefs,Red,,,,,,1,3.00,est,,,IMG_4929,,UNLISTED
,,Panini,Mosaic,21,Mark Ingram II,Ravens,Silver,,,,,,1,3.00,est,,,IMG_4930,,UNLISTED
,,Panini,Mosaic,22,Derrick Henry,Titans,Silver,,,,,,1,3.00,est,,,IMG_4930,,UNLISTED
,,Panini,Prizm,,Micah McFadden,Giants,,,,,,,1,3.00,est,,,IMG_4930,,UNLISTED
,,Panini,Prizm,7,Rashod Bateman,Ravens,,,,,,,1,3.00,est,,,IMG_4930,,UNLISTED
,,Topps,Chrome,,Tee Higgins,Bengals,Xfractor,,,,,,1,3.00,est,,,IMG_4931,,UNLISTED
,,Panini,Mosaic Montage,8,Lamar Jackson,Ravens,,,,,,,1,3.00,est,,,IMG_4931,,UNLISTED
,,Panini,Mosaic Pro Bowl,8,Lamar Jackson,Ravens,,,,,,,1,3.00,est,,,IMG_4931,,UNLISTED
,,Donruss,Optic,,DeAndre Hopkins,Ravens,,,,,,,1,3.00,est,,,IMG_4932,,UNLISTED
,,Panini,Mosaic Touchdown Masters,26,Jahmyr Gibbs,Lions,,,,,,,1,3.00,est,,,IMG_4932,,UNLISTED
,,Panini,Mosaic Touchdown Masters,8,Lamar Jackson,Ravens,,,,,,,1,3.00,est,,,IMG_4933,,UNLISTED
,,Panini,Mosaic Hall of Fame,85,Antonio Gates,Chargers,,,,,,,1,3.00,est,,,IMG_4933,,UNLISTED
,,Panini,Mosaic,29,Kareem Hunt,Chiefs,Pink Camo,,,,,,1,3.00,est,,,IMG_4933,,UNLISTED
,,Topps,Chrome,11,Brandon Aiyuk,49ers,,,,,,,1,3.00,est,,,IMG_4933,,UNLISTED
,,Panini,Mosaic,12,Joe Namath,Jets,Green,,,,,,1,3.00,est,,,IMG_4933,,UNLISTED
,,Panini,Mosaic,81,Tim Brown,Raiders,Pink Camo,,,,,,1,3.00,est,,,IMG_4933,,UNLISTED
,,Panini,Prizm,,Max Fried,Braves,White Sparkle,,,,,,1,3.00,est,,,IMG_4934,,UNLISTED
,,Donruss,Optic,,Pie Traynor,Pirates,,,,,,,1,3.00,est,,,IMG_4934,,UNLISTED
,,Topps,Chrome,10,Bo Nix,Broncos,,,,,,,1,3.00,est,,sealed,IMG_4935,,UNLISTED
,,Bowman,University Chrome Prospects,12,JuJu Watkins,USC,,,,,,,1,3.00,est,,womens college,IMG_4937,,UNLISTED
,,Topps,Xpectations,,Shaquille O'Neal,Lakers,,,,,,,1,3.00,est,,,IMG_4939,,UNLISTED
,,Topps,Chrome Power Core,4,Charles Barkley,Rockets,,,,,,,1,3.00,est,,,IMG_4939,,UNLISTED
,,Topps,Chrome Key Master,33,Patrick Ewing,Knicks,,,,,,,1,3.00,est,,,IMG_4939,,UNLISTED
,,Topps,Chrome Shooting Stars,22,Clyde Drexler,Rockets,,,,,,,1,3.00,est,,,IMG_4939,,UNLISTED
,,Upper Deck,Hardcourt Court Forces,34,Shaquille O'Neal,Lakers,,,,,,,1,3.00,est,,,IMG_4940,,UNLISTED
,,Topps,Finest,85,George Kittle,49ers,Xfractor,,,,,,1,3.00,est,,sealed,IMG_4941,,UNLISTED
,,Topps,Chrome Cosmic,,Trey McBride,Cardinals,,,,,,,1,3.00,est,,sealed,IMG_4942,,UNLISTED
,,Topps,Chrome,23,Christian McCaffrey,49ers,Pink Xfractor,,,,,,1,3.00,est,,sealed,IMG_4942,,UNLISTED
,,Panini,Prizm,10,Bob Love,Bulls,Gold,,,,,,1,3.00,est,,,IMG_4943,,UNLISTED
,,Panini,Origins,30,Julius Randle,Knicks,,,,,,,1,3.00,est,,,IMG_4943,,UNLISTED
,,Panini,Prizm,,Mark Williams,Hornets,Blue,,,,,,1,3.00,est,,,IMG_4943,,UNLISTED
,,Upper Deck,Hardcourt Court Forces,31,Reggie Miller,Pacers,,,,,,,1,3.00,est,,,IMG_4943,,UNLISTED
,,Panini,Prizm,21,Tim Duncan,Spurs,Silver,,,,,,1,3.00,est,,,IMG_4944,,UNLISTED
,,Upper Deck,Hardcourt Court Forces,3,Allen Iverson,76ers,,,,,,,1,3.00,est,,,IMG_4944,,UNLISTED
,,Panini,Prizm,24,Moses Malone,Rockets,Gold,,,,,,1,3.00,est,,,IMG_4944,,UNLISTED
,,Panini,Prizm,50,David Robinson,Spurs,Purple,,,,,,1,3.00,est,,,IMG_4944,,UNLISTED
,,Upper Deck,Collector's Choice 101 Collecting,,Ken Griffey Jr.,Mariners,,,,,,,1,3.00,est,,sealed,IMG_4946,,UNLISTED
,,Donruss,,,Mariano Rivera,Yankees,,,,,,,1,3.00,est,,,IMG_4946,,UNLISTED
,,Panini,Mosaic,95,Myles Garrett,Browns,Red,,,,,,1,3.00,est,,,IMG_4948,,UNLISTED
,,Panini,Prizm,40,Cody Zeller,Hornets,Blue,,,,,,1,3.00,est,,,IMG_4949,,UNLISTED
,,Panini,Prizm,22,Trent McDuffie,Chiefs,,,,,,,1,3.00,est,,,IMG_4950,,UNLISTED
,,Panini,Mosaic Men of Mastery,11,Larry Fitzgerald,Cardinals,White Sparkle,,,,,,1,3.00,est,,sealed,IMG_4950,,UNLISTED
,,Topps,,1,Tracy McGrady,Raptors,,,,,,,1,3.00,est,,,IMG_4951,,UNLISTED
,,Topps,Chrome Topps 40,22,Clyde Drexler,Rockets,,,,,,,1,3.00,est,,,IMG_4951,,UNLISTED
,,Topps,Chrome Topps 40,,Eddie Jones,Lakers,,,,,,,1,3.00,est,,,IMG_4951,,UNLISTED
,,Upper Deck,Pros & Prospects,34,Paul Pierce,Celtics,,,,,,,1,3.00,est,,,IMG_4951,,UNLISTED
,,Topps,Chrome Topps 40,,Anfernee Hardaway,Magic,,,,,,,1,3.00,est,,,IMG_4951,,UNLISTED
,,Panini,Prizm,21,Jrue Holiday,Bucks,Red Sparkle,,,,,,1,3.00,est,,,IMG_4952,,UNLISTED
,,Topps,Chrome Topps 40,22,Clyde Drexler,Rockets,,,,,,,1,3.00,est,,,IMG_4952,,UNLISTED
,,Panini,Prizm,32,Shaquille O'Neal,Magic,Silver,,,,,,1,3.00,est,,,IMG_4952,,UNLISTED
,,Panini,Prizm,,Deandre Ayton,Suns,Red Sparkle,,,,,,1,3.00,est,,,IMG_4952,,UNLISTED
,,Panini,Prizm,,Collin Sexton,Jazz,Red Sparkle,,,,,,1,3.00,est,,,IMG_4952,,UNLISTED
,,Fleer,Tradition Rookie Sensations,7,Antawn Jamison,Warriors,,,,,,,1,3.00,est,,,IMG_4953,,UNLISTED
,,Panini,NBA Hoops,11,Kyrie Irving,Mavericks,,,,,,,1,3.00,est,,,IMG_4953,,UNLISTED
,,Topps,Chrome Topps 40,32,Joe Smith,Nuggets,,,,,,,1,3.00,est,,,IMG_4953,,UNLISTED
,,Fleer,Tradition Masters of the Hardwood,10,Mike Bibby,Grizzlies,,,,,,,1,3.00,est,,,IMG_4953,,UNLISTED
,,Upper Deck,Hardcourt,3,Chauncey Billups,Raptors,,,,,,,1,3.00,est,,,IMG_4953,,UNLISTED
,,Panini,NBA Hoops,10,Jimmy Butler III,Warriors,,,,,,,1,3.00,est,,,IMG_4954,,UNLISTED
,,Upper Deck,Pros & Prospects,21,Kevin Garnett,Timberwolves,,,,,,,1,3.00,est,,,IMG_4954,,UNLISTED
,,Topps,Chrome Topps 40,32,Christian Laettner,Hawks,,,,,,,1,3.00,est,,,IMG_4954,,UNLISTED
