rank,value_usd,pricing_basis,comp_source,player,year,brand,set,parallel,serial,graded,cert,auto,team,card_no,sticker_price,photo,slot,needs_more,comp_note,notes
1,2000.00,comp,Goldin / eBay,Ja Morant,2023,Panini,Crown Royale Kaboom,Gold,06/10,PSA 8 NM-MT,95147126,,Grizzlies,4,,IMG_4827,5,,"Base Kaboom sells $435-1000; Gold /10 is top parallel, big premium. Goldin has a sold 04/10 PSA 8 - confirm exact figure. Est $1500-2500.",Kaboom Gold /10
2,1500.00,comp,eBay / Steel City / SCI,Walter Payton,1976,Topps,,,,SGC 8 NM/MT,8203701-020,,Bears,148,,IMG_4824,6,,"CORRECTED UP: PSA 8.5 sold ~$3,600; SGC 8 dealer-listed ~$2,499. SGC 8 realistic sold ~$1,300-1,900.",ROOKIE - key card
3,1000.00,comp,n/a - true 1/1,Joe Namath / John Elway,,Donruss,Co-Signers Autographs Printing Plate,Cyan Printing Plate,1/1,raw,,Y,,,,IMG_4826,4,,Dual HOF QB (Namath/Elway) auto 1/1 cyan printing plate. No direct comp; auction-dependent. Could reach 4 figures; 1/1 plates can also underperform. Test at auction.,"Dual HOF QB on-card auto, true 1/1 cyan printing plate"
4,800.00,comp,n/a - true 1/1,Cam Smith,,Topps,Transcendent - Double (Runners Advance 2 Bases),,1/1,raw,,Y,Astros,,,IMG_4830,4,,Cam Smith Topps Transcendent 'Double' RC on-card auto 1/1. Ultra-premium product; auction-dependent. Rookie value speculative - could exceed if he breaks out.,"RC on-card auto, true 1/1, Topps Transcendent (ultra-premium)"
5,400.00,comp,Pristine Marketplace / eBay,Stephen Curry,2009-10,Panini,Studio,,,raw,,Y,Warriors,,,IMG_4827,1,,2009-10 Studio RC #129 signed. BAS-certified copies ~$300-600; generic coin COA less. NOT a pack-pulled certified auto (those $5k+). Verify the authenticator on the coin.,RC auto; coin authenticator
6,383.00,comp,Sports Card Investor / Card Ladder,Fernando Tatis Jr.,2019,Topps,Chrome Update,Rookie Debut Auto,,PSA 10 GEM MT,46084057,Y,Padres,FT,,IMG_4818,2,,PSA 10 Rookie Debut Auto last sold ~$383,RC auto
7,320.00,comp,Sports Card Investor,Puka Nacua,,Donruss,Downtown,Downtown SSP,,raw,,,Rams,,380,IMG_4824,1,,Downtown raw last sold $320 (down 13% in 30d); sticker $380 a touch high,case-hit insert
8,240.00,sticker,,Esiason/Moon/Simms/Montana,,Panini,Quad Autographs,,10/10,raw,,Y,Multi,,240,IMG_4826,3,,,4x HOF QB auto /10
9,200.00,sticker,,Ja Morant,,Panini,NBA Hoops,,,PSA/DNA Auth Auto,85028881,Y,Grizzlies,,200,IMG_4827,6,,,RC auto
10,175.00,sticker,,Paul Skenes,,Panini,Immaculate Collection,,65/99,raw,,,Pirates,,175,IMG_4828,4,,,jersey relic
11,170.00,comp,eBay,Victor Wembanyama,2023-24,Panini,Phoenix Thrillers,Silver,,BGS 8.5 NM-MT+,0018110860,,Spurs,2,170,IMG_4827,4,,Thrillers Silver BGS 8.5 - thin comps; sticker $170 kept,RC
12,150.00,est,,Patrick Mahomes II,2017,Sage,Hit Premier Draft,,,PSA 10 GEM MT,66845496,,Chiefs,5,,IMG_4822,1,,,Rookie (college)
13,140.00,comp,PSA APR / eBay,Gale Sayers,1969,Topps,,,,PSA 8 NM-MT (MC),94307073,,Bears,51,,IMG_4826,5,,"PSA 7 sold ~$160, but yours is 8(MC) miscut qualifier - sells below clean 8",
14,130.00,sticker,,Noah Schultz,,Panini,Immaculate (Batting Gloves),Nike swoosh patch,2/5,raw,,,White Sox,,130,IMG_4828,5,,,prospect
15,125.00,sticker,,Christian McCaffrey,,Donruss,Dominators,Printing Plate Cyan,1/1,raw,,,Panthers,22,125,IMG_4826,2,Y,,printing plate; confirm player
16,125.00,comp,eBay,Brock Purdy,,Panini,Rookies & Stars Airborne Signatures,,/99,raw,,Y,49ers,13,390,IMG_4826,6,,Airborne Signatures /99 auto listings $50-225. Sticker $390 is HIGH; realistic ~$100-150.,RC on-card auto /99 (confirmed auto)
17,120.00,est,,Pete Rose,2023,Leaf,Metal Baseball Pre-Production Proof Prismatic Sky,Prismatic Sky,1/1,raw,,Y,Reds,,,IMG_4817,5,,,1/1 auto
18,100.00,comp,eBay,Johnny Bench,1968,Topps,Rookie Stars,,,SGC 1 PR,3505615,,Reds,247,,IMG_4818,3,,SGC 1.5 sold $109.50 (Aug); SGC 1 ~$90-110,RC w/ Ron Tompkins
19,100.00,sticker,,Marek Houston,,Panini,Immaculate Brilliance,,07/10,raw,,,Twins,,100,IMG_4828,6,,,patch prospect
20,100.00,sticker,,James Wood,,Panini,Immaculate Collection,,68/99,raw,,Y,Nationals,,100,IMG_4830,1,,,RC patch auto
21,95.00,comp,SportsCardsPro / eBay,Ja Morant,2019-20,Panini,Prizm,Fast Break Prizm,,PSA 10 GEM MT,46666142,,Grizzlies,249,95,IMG_4814,1,,Fast Break base PSA 10 ~$80-120; sticker $95 reasonable,Rookie; Layup subset
22,95.00,sticker,,Brock Bowers,,Topps,,,,raw,,Y,Raiders,89,95,IMG_4825,7,,,RC patch auto
23,95.00,comp,eBay / COMC,Mike Trout,2014,Bowman,Platinum ('89 Bowman is Back),Silver Diamond Refractor,,SGC 9 MT,7594381,,Angels,89BIB-MT,,IMG_4901,3,,PSA 9 ~$100; SGC 9 slightly under,facsimile sig
24,81.00,sticker,,Cal Ripken Jr.,,Panini,Noir Shadow Signatures,,52/99,raw,,Y,Orioles,,81,IMG_4819,3,,,
25,80.00,sticker,,Mike Alstott,,Panini,Prizm,,,raw,,Y,Buccaneers,40,80,IMG_4825,5,,,auto
26,76.00,sticker,,Jamal Murray,,Panini,Spectra Spectacular Swatches,,,raw,,Y,Nuggets,,76,IMG_4816,1,,,jersey auto
27,75.00,sticker,,Michael Jordan,1998,Upper Deck,,,,raw,,,Bulls,23,75,IMG_4814,3,Y,,UD insert w/ Penny quote; exact set TBD
28,75.00,comp,eBay / PSA APR,Michael J. Doolan,1911,T205,Gold Border,,,PSA 1 PR,77091495,,Phillies,,,IMG_4818,4,,"PSA 1.5 listed $160, raw VG $150; PSA 1 Poor ~$60-90",tobacco card
29,75.00,sticker,,Eli Willits,,Panini,Prospect,,94/99,raw,,Y,Nationals,,75,IMG_4819,6,,,jersey auto prospect
30,75.00,sticker,,Kira Lewis Jr.,,Panini,National Treasures,,10/25,raw,,,Pelicans,,75,IMG_4820,2,,,RC jumbo jersey patch
31,75.00,sticker,,Travis Hunter,,Donruss,Phenom,,18/99,raw,,Y,Jaguars,12,75,IMG_4822,6,,,RC patch auto
32,70.00,sticker,,Travis Bazzana,,Bowman,Chrome Prospects,Orange,16/25,raw,,,Guardians,,70,IMG_4819,5,,,prospect
33,65.00,sticker,,Jalen Green,,Panini,Flux,,,PSA/DNA Auto 10 GEM MT,84566325,Y,,,65,IMG_4814,2,,,RC on-card auto
34,60.00,sticker,,Franz Wagner,,Panini/Donruss,Shock Wave,,,raw,,,Magic,22,60,IMG_4815,1,,,insert
35,60.00,sticker,,Victor Wembanyama,2023-24,Panini,Prizm Monopoly,Silver Prizm,,raw,,,Spurs,,60,IMG_4816,4,,,RC
36,60.00,sticker,,Fernando Mendoza,2025,Bowman,U Now Black Box,,,PSA 10 GEM MT,10004475,,Indiana,67,60,IMG_4822,4,,,college
37,60.00,est,,Kevin Durant,2006,Topps,McDonald's All American,,,PSA 9 MINT,49006791,,USA,B19,,IMG_4851,6,,,pre-RC HS
38,60.00,est,,Kevin Durant,2006,Topps,McDonald's All American,,,PSA 9 MINT,49006800,,USA,B19,,IMG_4851,8,,,pre-RC HS (2nd copy)
39,60.00,comp,eBay / SportsCardsPro,Aaron Judge,2024,Topps,Cosmic Chrome Astrologically Aligned,,,SGC 9 MT,4629910,,Yankees,AA-2,,IMG_4901,2,,Cosmic AA-2 SGC 9 thin; ~$50-70,
40,52.00,sticker,,Wei-En Lin,,Panini,Immaculate Collection,,23/99,raw,,Y,Athletics,,52,IMG_4819,2,,,jersey auto prospect
41,50.00,comp,PSA APR,Ron Santo,1961,Topps,,All-Star Rookie,,PSA 4 VG-EX,88486927,,Cubs,35,,IMG_4817,1,,PSA 2 sold ~$23; PSA 4 ~$45-60,Rookie card
42,50.00,sticker,,Konnor Griffin,,Panini,Immaculate Collection,,69/99,raw,,,Pirates,,50,IMG_4817,3,,,jersey relic prospect
43,50.00,sticker,,Rickey Henderson,,Panini,Flawless Legendary Memorabilia,,09/20,raw,,,Athletics,,50,IMG_4819,4,,,patch
44,50.00,sticker,,Colston Loveland,2025,Topps,Chrome (Round 1 Pick 10),,,raw,,Y,Bears,84,50,IMG_4824,5,,,RC auto
45,50.00,est,,Scott Rolen,2024,Topps,Archives Signature Series (2009 A&G buyback),,07/10,raw,,Y,HOF,,,IMG_4834,1,,,auto /10
46,50.00,est,,LaNorris Sellers,2025,Wild Card,Psyched Alumination,,1/3,raw,,Y,South Carolina,,,IMG_4865,4,,,RC auto /3
47,50.00,est,,Patrick Mahomes,,Wild Card,Card Club,,4/4,raw,,,Chiefs,15,,IMG_4874,2,,,/4
48,50.00,est,,Drew Allar,2025,Wild Card,Alumination,,2/5,raw,,,Penn State,15,,IMG_4906,5,,,RC /5
49,45.00,sticker,,Tetairoa McMillan,2025,Topps,Chrome,,,raw,,,Panthers,4,45,IMG_4842,5,,,RC
50,45.00,comp,Sports Card Investor / eBay,Tim Duncan,1997-98,Topps,Chrome,,,raw,,,Spurs,115,,IMG_4924,2,,"BASE raw ~$42. If REFRACTOR, ~$750 - VERIFY finish",ROOKIE
51,44.50,sticker,,Elly De La Cruz,,Topps,Game Day Drip,,,raw,,,Reds,,44.5,IMG_4839,5,,,insert
52,41.00,sticker,,Kevin Alcantara,,Topps,Inception,,25/49,raw,,Y,Cubs,,41,IMG_4836,4,,,RC auto
53,40.00,sticker,,Davante Adams,,Panini,Mosaic,Gold,,raw,,,Raiders,17,40,IMG_4840,2,,,
54,40.00,sticker,,Ladd McConkey,,Topps,Fire (dual jersey auto),,,raw,,Y,Chargers,15,40,IMG_4842,2,,,RC jersey auto
55,40.00,comp,SportsCardsPro / eBay,Jayson Tatum,2025,Topps,Chrome (Go Time Refractor),Go Time Refractor,,PSA 9 MINT,149400582,,Celtics,GT-3,,IMG_4851,2,,"2025-26 Go Time insert PSA 9 ~$30-50 (new, thin comps)",
56,38.00,sticker,,Early Wynn,1955,Bowman,,,,SGC 4.5 VG/EX+,135387401,,Cleveland,38,38,IMG_4857,4,,,
57,36.00,sticker,,Jalen Duren,,Panini,Mosaic,Disco,,raw,,,Pistons,,36,IMG_4837,6,,,
58,35.00,est,,Tony Parker,,Topps,,,20/25,raw,,Y,Spurs,9,,IMG_4814,6,,,Topps certified auto /25
59,35.00,est,,Tim Duncan,,Panini,Impeccable Premium Silver,1oz Silver,16/25,raw,,,Spurs,21,,IMG_4827,2,,,silver bar card
60,35.00,est,,Ashton Jeanty,2025,Panini,Rookies & Stars Draft Class,Green,05/25,raw,,,Raiders,1,,IMG_4833,3,,,RC
61,35.00,sticker,,Donovan Mitchell,,Donruss,Optic Hyper,Hyper,,raw,,,Cavaliers,,35,IMG_4838,2,,,
62,35.00,sticker,,Kevin Alcantara,,Panini,Immaculate Collection,,06/25,raw,,Y,Cubs,,35,IMG_4841,3,,,patch auto
63,35.00,est,,Steve Carlton,,Panini,America's Pastime Boys of Summer,,20/25,raw,,Y,Phillies,,,IMG_4845,4,,,
64,35.00,sticker,,Rod Carew,,Topps,Gilded Collection,,,raw,,Y,Twins,,35,IMG_4847,3,,,framed auto
65,35.00,est,,Dak Prescott,,Wild Card,Alumination,Orange,6/20,raw,,,Cowboys,,,IMG_4875,2,,,/20
66,35.00,est,,Roy Hibbert,,Panini,Limited Marquee Prints,,02/25,raw,,,Pacers,55,,IMG_4876,4,,,
67,35.00,est,,Christian Collins,2025,Signature Series,,,09/25,raw,,,,11,,IMG_4883,5,Y,,RC; confirm team
68,35.00,est,,Mike Conley,,Panini,Limited,,19/25,raw,,,Grizzlies,11,,IMG_4922,3,,,sealed
69,35.00,est,,Dante Hall,,Topps,Finest,Red,06/25,raw,,Y,Chiefs,82,,IMG_4935,4,,,"auto /25, sealed"
70,35.00,est,,Luis Pena,,Panini,Immaculate Collection,,20/25,raw,,,Brewers,94,,IMG_4938,2,,,prospect
71,35.00,est,,Mavericks rookie (confirm),,Panini,Limited Phenoms Jersey Autographs,,19/25,raw,,Y,Mavericks,,,IMG_4940,1,Y,,confirm player
72,35.00,est,,Cameron Schlittler,,Panini,Immaculate Collection,,18/25,raw,,,Yankees,,,IMG_4945,1,,,prospect
73,34.00,sticker,,Amon-Ra St. Brown,2022,Panini,Select,Tri-Color Prizm,37/249,SGC 10,1304949,,Lions,58,34,IMG_4855,4,,,
74,30.00,sticker,,Sion James,2025,Topps,Inception,,08/10,raw,,Y,Hornets,4,30,IMG_4837,2,,,RC auto /10
75,30.00,sticker,,Jalen Brunson,,Panini,Select,,,raw,,,Knicks,11,30,IMG_4838,4,,,
76,30.00,sticker,,Lakers rookie (confirm),,Panini,Limited Phenoms Jersey Autographs,,45/49,raw,,Y,Lakers,,30,IMG_4839,3,Y,,confirm player
77,30.00,comp,Sports Card Investor / eBay,Anthony Edwards,2020,Panini,Prizm,,,PSA 9 MINT,92981922,,Timberwolves,258,,IMG_4851,3,,Base raw $8; base PSA 9 ~$25-35,RC
78,30.00,sticker,,Larry Johnson,1991-92,Upper Deck,,,,BGS 10 Auth Auto,00019509597,Y,Hornets,2,30,IMG_4851,7,,,RC auto
79,30.00,sticker,,Earl Campbell,2024,Panini,Select,White Shock,,SGC 9 MINT,13841571,,Oilers,64,30,IMG_4855,3,,,
80,28.00,sticker,,Cedric Coward,,Topps,(Round 1 Pick 11),,,raw,,Y,Grizzlies,,28,IMG_4836,6,,,RC auto
81,25.00,est,,Kristaps Porzingis,2015-16,Panini,Select Rookie Jersey Autographs,,,BGS 9.5 GEM MINT,0011376682,Y,Knicks,5,,IMG_4815,2,,,RC patch auto
82,25.00,est,,Sammy Sosa,,Upper Deck,Opening Day 2K,,,PSA/DNA Auth Auto,85892199,Y,Cubs,,,IMG_4817,4,,,
83,25.00,est,,Vladimir Guerrero Jr.,,Bowman,,,,BGS Auth Auto,00019742049,Y,Blue Jays,,,IMG_4817,6,,,
84,25.00,est,,Mike Piazza,1992,Bowman,,,,PSA 9 MINT,158041913,,Dodgers,461,,IMG_4818,1,,,Rookie
85,25.00,est,,Jayden Daniels,2024,Topps,Resurgence,Rookie Patch Auto,,PSA 9 MINT,128161736,Y,Commanders,RPAJD,,IMG_4822,3,,,RC patch auto
86,25.00,est,,James Cook,,Custom,Kaboom!,,,BGS Auth Auto,00020189746,Y,Bills,,,IMG_4823,1,Y,,FLAG: Beckett slab labels card COUNTERFEIT (custom Kaboom); auto authentic only - disclose/likely cannot list on major marketplaces
87,25.00,est,,James Cook,,Custom,Kaboom!,,,BGS Auth Auto,00020189590,Y,Bills,,,IMG_4823,2,Y,,FLAG: Beckett slab labels card COUNTERFEIT (custom Kaboom); auto authentic only - disclose/likely cannot list on major marketplaces
88,25.00,est,,Dan Hampton,,Pro Set,NFL,,,PSA/DNA Auth Auto,85843496,Y,Bears,99,,IMG_4823,3,,,
89,25.00,est,,Isaac TeSlaa,2025,Panini,Phoenix,Silver,,CGC 10 GEM MINT,6115924042,,Lions,189,,IMG_4823,4,,,RC
90,25.00,est,,Mike Singletary,,Custom,Booom!,,,BGS Auth Auto,00019911771,Y,Bears,50,,IMG_4825,2,Y,,FLAG: Beckett labels CUSTOM trading card; auto authentic - disclose
91,25.00,est,,Lawrence Taylor,1990,Score,All Pro,,,PSA/DNA Auth Auto,85822953,Y,Giants,56,,IMG_4825,3,,,
92,25.00,est,,Jason Kidd,,Upper Deck,SP Premier Prospects,,,PSA/DNA Auto 10 GEM MT,85138168,Y,,,,IMG_4827,3,,,
93,25.00,comp,Sports Card Investor,Kobe Bryant,1996-97,Topps,Stadium Club,,,raw,,,Lakers,,,IMG_4828,2,,Raw #R12 last sold ~$24,Rookie
94,25.00,est,,Shaquille O'Neal,1993,Classic,Four Sport All-Rookie Team,,,PSA/DNA Auth Auto,85823112,Y,LSU,,,IMG_4828,3,,,
95,25.00,sticker,,OG Anunoby,,Panini,Prizm,Gold,,raw,,,Raptors,3,25,IMG_4835,6,,,
96,25.00,sticker,,Eduardo Tait,,Panini,Immaculate Collection Marks,,07/10,raw,,Y,Twins,,25,IMG_4836,2,,,prospect auto /10
97,25.00,sticker,,Keon Coleman,,Donruss,Optic Rated Rookie,,,raw,,Y,Bills,0,25,IMG_4837,3,,,RC auto
98,25.00,sticker,,Dylan Crews,,Panini,Select Signatures,,,raw,,Y,Nationals,,25,IMG_4839,4,,,
99,25.00,sticker,,Dexter McCluster,2010,Topps,Triple Threads,,53/70,raw,,Y,Chiefs,,25,IMG_4839,6,,,RC patch auto
100,25.00,sticker,,Josh Hamilton,,Donruss,Artist Proof,Artist Proof,,raw,,,Rangers,32,25,IMG_4841,1,,,
101,25.00,sticker,,Travis Kelce,2013,Topps,,,,raw,,,Chiefs,,25,IMG_4842,1,Y,,RC-era; confirm exact set
102,25.00,sticker,,Hugo Gonzalez,2025,Signature Series,Class Masters,Blue,19/25,raw,,,Celtics,28,25,IMG_4846,4,,,RC
103,25.00,sticker,,Keon Coleman,,Panini,Origins Rookie Jumbo Jersey Autographs,,,raw,,Y,Bills,,25,IMG_4849,2,,,RC jumbo jersey auto
104,25.00,sticker,,Dallas Clark,,Panini,Signature,,,raw,,Y,Colts,44,25,IMG_4849,3,,,
105,25.00,comp,eBay / getcardbase,Sidney Crosby,2005,In The Game,Heroes & Prospects (Hot Prospects),,,PSA 10 GEM MT,63717486,,Rimouski,361,,IMG_4850,1,,"PSA 10 recent sales ~$22-26 (common late issue, not the key RC)",hockey pre-RC
106,25.00,est,,Christian Pulisic,2024-25,Topps,UCC,Neon Green Foil,30/199,SGC 9.5,9852245,,AC Milan,76,,IMG_4850,2,,,soccer
107,25.00,est,,Bryan Trottier,1976,Topps,,,,PSA 6 EX-MT,53572138,,Islanders,115,,IMG_4850,3,,,hockey RC
108,25.00,est,,Don Cherry,1974,Topps,,,,PSA 5 EX,140007639,,Bruins,161,,IMG_4850,4,,,hockey
109,25.00,est,,Coby White,2019-20,Panini,Mosaic (NBA Debut),Reactive Blue,,PSA 10 GEM MT,80262244,,Bulls,264,,IMG_4851,4,,,RC
110,25.00,est,,Fairy Godmother,2024,Topps,Disney Chrome Sapphire,Sapphire,,PSA 9 MINT,143570700,,Disney,18,,IMG_4852,1,,,non-sport
111,25.00,est,,Lando Norris,2022,Topps,Chrome Sapphire F1,Sapphire,,CGC 10 GEM MINT,6122187113,,McLaren,34,,IMG_4852,2,,,F1
112,25.00,est,,Oricorio ex,2025,Pokemon,Black Star Promos (Mega Charizard X ex UPC),,,CGC 9 MINT,6113873025,,Pokemon,024,,IMG_4852,3,,,Pokemon TCG
113,25.00,sticker,,Nolan Ryan,1977,Topps,,,,PSA 4 VG-EX,76765292,,Angels,650,25,IMG_4853,1,,,
114,25.00,est,,Robin Roberts,1960,Topps,,,,PSA 4 VG-EX,126493881,,Phillies,264,,IMG_4853,2,,,
115,25.00,est,,Joe Morgan,1975,Topps,,,,SGC 7 NM,0507280,,Reds,180,,IMG_4853,3,,,
116,25.00,est,,Bobby Witt Jr.,2024,Topps,Now,,,SGC 10 GEM,2901548,,Royals,778,,IMG_4853,4,,,
117,25.00,est,,Robin Yount,1975,Topps,,,,SGC 5 EX,0452044,,Brewers,223,,IMG_4853,5,,,2nd year
118,25.00,est,,Christian McCaffrey,2022,Donruss,Press Proof Premium,Press Proof Premium,,CGC 10 GEM MINT,6120395083,,Panthers,237,,IMG_4854,1,,,
119,25.00,est,,Cam Skattebo,2025,Panini,Mosaic,Red Camo,,PSA 9 MINT,146074542,,Giants,305,,IMG_4854,2,,,RC
120,25.00,est,,Johnny Manziel,,Custom,Boom,,,BGS Witnessed Auth Auto,00019976760,Y,Texas A&M,2,,IMG_4855,1,Y,,FLAG: Beckett labels CUSTOM card; witnessed auto - disclose
121,25.00,est,,Johnny Manziel,,Custom,Boom,,,BGS Witnessed Auth Auto,00019976761,Y,Texas A&M,2,,IMG_4855,2,Y,,FLAG: Beckett labels CUSTOM card; witnessed auto - disclose (2nd copy)
122,25.00,est,,Gilbert Brown,,Custom,Boom!,,,BGS Witnessed Auth Auto,00019565367,Y,Packers,93,,IMG_4855,5,Y,,FLAG: Beckett labels CUSTOM card; witnessed auto - disclose
123,25.00,est,,Michael Jordan,1991,Hoops,McDonald's,,,PSA 8 NM-MT,87363314,,USA,55,,IMG_4856,1,,,1992 Dream Team
124,25.00,est,,Jackson Merrill,2024,Topps,Chrome Update,X-Fractor,,PSA 9 MINT,102695586,,Padres,USC57,,IMG_4857,1,,,RC
125,25.00,est,,Roger Clemens,1987,Topps,Tiffany,,,PSA 8 NM-MT,49021311,,Red Sox,340,,IMG_4857,3,,,
126,25.00,est,,Jayden Reed,2025,Donruss,Season Stat Line,Pink,413/500,CGC 10 GEM MINT,6129034287,,Packers,49,,IMG_4900,1,,,
127,24.00,sticker,,Ricky Williams,,Topps,,,,raw,,Y,Dolphins,34,24,IMG_4841,5,,,
128,23.50,sticker,,Will Riley,,Topps,Midnight,,,raw,,Y,Wizards,,23.50,IMG_4836,5,,,RC jersey auto
129,23.00,sticker,,Luther Burden III,2025,Topps,Chrome Fortune,Spade,36/50,raw,,,Bears,10,23,IMG_4838,5,,,RC
130,22.00,sticker,,Paul Goldschmidt,,Topps,Fire,,,raw,,Y,Cardinals,,22,IMG_4837,4,,,
131,21.00,sticker,,Dax Kilby,,Panini,Immaculate INK,,11/99,raw,,Y,,,21,IMG_4838,6,,,prospect auto
132,20.00,est,,Ace Bailey,2025,Leaf,Metal,,,raw,,Y,,,,IMG_4814,5,,,RC auto
133,20.00,est,,Chet Holmgren,,Panini,Recon,,18/75,raw,,Y,Thunder,7,,IMG_4815,6,,,Rookie auto /75
134,20.00,est,,Jack Morris,,Panini,Chronicled Calligraphy,,,raw,,Y,Tigers,,,IMG_4817,2,,,patch auto
135,20.00,est,,Willie Mays,,Topps,Pristine Perseverance,Gold,12/50,raw,,,Giants,,,IMG_4819,1,,,
136,20.00,est,,Jarren Duran,,Bowman,Platinum,,72/199,raw,,Y,Red Sox,,,IMG_4821,3,,,
137,20.00,est,,Jalen Hurts,2020,Panini,XR Triple Swatch Autographs,,,raw,,Y,Eagles,,,IMG_4824,3,Y,,RC patch auto; confirm player ID
138,20.00,est,,Dan Marino,,Topps,,,,raw,,Y,Dolphins,13,,IMG_4825,4,,,certified auto issue
139,20.00,est,,Allen Iverson,2025,Panini,Signature Series (Signature Stats Cracked Ice) REDEMPTION,Cracked Ice,,raw,,Y,76ers,1,,IMG_4828,1,Y,,"UNREDEEMED redemption, expires 11/27/2027"
140,20.00,est,,Ryne Sandberg,,Leaf,Toast of the Town Sports Heroes,Gold die-cut,,raw,,Y,Cubs,23,,IMG_4830,3,,,
141,20.00,est,,David Robinson,,Topps,Chrome (insert),,64/99,raw,,,Spurs,50,,IMG_4831,5,,,
142,20.00,est,,Tim Tebow,2010,Panini,Prestige Draft,,,raw,,Y,Broncos,15,,IMG_4831,7,,,RC auto
143,20.00,est,,Warren Sapp,,Leaf,Metal Signature Series,,,raw,,Y,Buccaneers,99,,IMG_4832,1,,,
144,20.00,est,,Nikola Vucevic,,Panini,Recon,Red,76/99,raw,,Y,Bulls,,,IMG_4832,4,,,
145,20.00,est,,George Pickens,,Panini,Illusions Rookie Vision,,,raw,,Y,Steelers,14,,IMG_4832,5,,,RC auto
146,20.00,est,,J.J. McCarthy,,Donruss,Rated Rookie,,,raw,,Y,Vikings,,,IMG_4833,1,,,RC auto
147,20.00,est,,Keon Coleman,,Panini,Gold Standard,,039/199,raw,,Y,Bills,0,,IMG_4833,4,,,RC auto
148,20.00,est,,David Montgomery,,Panini,Absolute,,13/75,raw,,Y,Bears,32,,IMG_4834,3,,,RC auto
149,20.00,est,,Steven Stamkos,,Leaf,Metal,Red,,raw,,Y,Lightning,91,,IMG_4835,1,,,hockey
150,20.00,est,,Nikita Kucherov,,Upper Deck,Stature,,,raw,,Y,Lightning,,,IMG_4835,2,,,hockey
151,20.00,sticker,,Brooks Lee,,Panini,Impeccable Elegance,,49/99,raw,,Y,Twins,,20,IMG_4837,5,,,patch auto
152,20.00,sticker,,Max Anderson,,Panini,Immaculate (dual jersey auto),,75/99,raw,,Y,Tigers,,20,IMG_4839,2,,,prospect
153,20.00,est,,Tim Hardaway,,Panini,Mosaic Pictographs,,,raw,,Y,Warriors,,,IMG_4840,4,,,
154,20.00,est,,Quinshon Judkins,2025,Topps,Chrome,Blue,117/150,raw,,Y,Browns,10,,IMG_4840,5,,,RC auto
155,20.00,sticker,,Willie Mays,,Topps,(Turkey Red style),Gold,,raw,,,Giants,,20,IMG_4841,2,,,
156,20.00,sticker,,Hank Aaron,,Topps,(Turkey Red/Heritage style),,,raw,,,Braves,,20,IMG_4842,6,,,
157,20.00,est,,Jerry Lawler,,Panini,Prizm Sensations Signatures,Red,,raw,,Y,WWE,,,IMG_4843,5,,,
158,20.00,est,,Caleb Bonemer,,Bowman,,,,raw,,Y,White Sox,21,,IMG_4844,2,,,prospect auto
159,20.00,est,,Obi Toppin,,Panini,One Prime,,32/99,raw,,Y,Knicks,,,IMG_4844,4,,,RC patch auto
160,20.00,est,,Jordan Addison,,Donruss,Rated Rookie,,083/175,raw,,Y,Vikings,3,,IMG_4844,5,,,RC auto
161,20.00,est,,Omarion Hampton,2025,Topps,Chrome,,109/499,raw,,Y,Chargers,8,,IMG_4845,2,,,RC auto
162,20.00,est,,Dak Prescott,,Panini,National Treasures Century Materials,,38/49,raw,,,Cowboys,,,IMG_4845,5,,,patch
163,20.00,est,,Michael Pittman Jr.,2020,Panini,Contenders Rookie Ticket,,,raw,,Y,Colts,86,,IMG_4845,6,,,RC auto
164,20.00,est,,Spurs rookie (confirm - sig 'Deo Ver'),2025,Topps,(Round 1 Pick),,,raw,,Y,Spurs,24,,IMG_4846,1,Y,,RC auto; confirm player
165,20.00,est,,Justin Verlander,,Topps,Triple Threads (750),,24/36,raw,,,Tigers,,,IMG_4847,6,,,jersey
166,20.00,est,,Alec Pierce,,Panini,Contenders Conference Ticket,,,raw,,Y,Colts,,,IMG_4848,4,,,RC auto
167,20.00,est,,Jack Sawyer,2025,Fut/Leaf,Players Trove,,,raw,,Y,Steelers,33,,IMG_4848,5,,,RC auto (college Ohio St)
168,20.00,est,,Xavier Worthy,2024,Topps,Chrome,,017/100,raw,,Y,Chiefs,,,IMG_4848,6,,,RC auto
169,20.00,est,,Kenyan Drake,,Panini,Plates & Patches Marquee Marks,,32/50,raw,,Y,Cardinals,,,IMG_4858,3,,,
170,20.00,est,,Ashton Jeanty,2025,Leaf,Metal Matte,Matte,39/50,raw,,,Raiders,,,IMG_4858,5,,,RC (college)
171,20.00,est,,Alex English,,Panini,Limited Decade Dominance,,50/99,raw,,,Nuggets,2,,IMG_4861,1,,,jersey
172,20.00,est,,Ajay Mitchell,,Panini,NBA Hoops Live,,,raw,,Y,Thunder,25,,IMG_4861,6,,,RC auto
173,20.00,est,,Henry Ellenson,,Panini,Limited Rookie Phenoms,,/99,raw,,Y,Pistons,,,IMG_4861,7,,,RC jersey auto
174,20.00,est,,Jacob Wilson,,Donruss,Crunch Time,Blue,09/49,raw,,,Athletics,5,,IMG_4862,6,,,RC
175,20.00,est,,Mason Graham,2025,Topps,Chrome Black,,,raw,,Y,Browns,94,,IMG_4865,1,,,RC auto
176,20.00,est,,Jimmy Rollins,,Donruss,Elite Career Best,Green,95/99,raw,,,Phillies,,,IMG_4868,1,,,
177,20.00,est,,Buddy Hield,,Panini,Limited,,04/49,raw,,Y,Pelicans,,,IMG_4877,2,,,RC jersey auto
178,20.00,est,,Jamal Shead,2024,Panini,NBA Hoops Live,,,raw,,Y,Raptors,23,,IMG_4878,1,,,RC auto
179,20.00,est,,Isaiah Collier,2024,Topps,(Round 1 Pick 29),,,raw,,Y,Jazz,13,,IMG_4878,2,,,RC auto
180,20.00,est,,Daniel Gafford,,Topps,Midnight,,,raw,,Y,Mavericks,,,IMG_4878,4,,,auto
181,20.00,est,,Asa Newell,2025,Signature Series,,,13/99,raw,,,Hawks,14,,IMG_4883,2,,,RC
182,20.00,est,,Spurs rookie (confirm),2025,Signature Series,,,48/65,raw,,,Spurs,11,,IMG_4883,3,Y,,RC; confirm player
183,20.00,est,,JB Middleton,2025,Donruss,Elite Prospect Yearbook,,,raw,,Y,Colorado,,,IMG_4892,1,,,draft auto
184,20.00,est,,Khadim Diaw,,Donruss,Signature Series,,,raw,,Y,Twins,,,IMG_4892,4,,,auto
185,20.00,est,,Spencer Jones,,Donruss,Optic (bronze frame),Bronze,87/99,raw,,,Yankees,78,,IMG_4893,4,,,
186,20.00,est,,Zay Flowers,2023,Panini,Origins Rookie Autographs,,,raw,,Y,Ravens,80,,IMG_4895,1,,,"RC on-card auto, sealed case"
187,20.00,est,,Ashton Jeanty,2025,Panini,Phoenix,,,raw,,Y,Raiders,2,,IMG_4895,2,,,"RC dual patch auto, sealed case"
188,20.00,est,,Matt Kemp,,Topps,Tier One Crowd Pleasers,,/75,raw,,Y,Dodgers,27,,IMG_4896,1,,,"auto /75, sealed"
189,20.00,est,,Jackson Jobe,,Topps,Finest,,11/50,raw,,Y,Tigers,,,IMG_4896,2,,,"RC jersey auto /50, sealed"
190,20.00,est,,Darius Acuff Jr.,2025,Signature Series,Perpetual Talents,,54/75,raw,,,,5,,IMG_4899,3,,,"RC, sealed"
191,20.00,est,,Bill Walton,,Panini,Canvas Creations,,,raw,,Y,Trail Blazers,32,,IMG_4899,4,,,auto
192,20.00,est,,C.J. Stroud,,Panini,Black Futuristic,,04/99,raw,,,Texans,7,,IMG_4900,2,,,"RC jersey, sealed"
193,20.00,est,,Bilal El Khannouss,,Topps,Chrome Bundesliga,Green,64/99,raw,,,VfB Stuttgart,,,IMG_4904,1,,,soccer
194,20.00,est,,Ezechiel Banzuzi,,Topps,Chrome Bundesliga,Purple,/75,raw,,,RB Leipzig,,,IMG_4904,2,,,soccer RC
195,20.00,est,,Rayan Philippe,,Topps,Chrome Ultrabeam,Gold,29/50,raw,,,Hamburger SV,,,IMG_4904,3,,,soccer RC
196,20.00,est,,Patrik Schick,,Topps,Chrome Bundesliga,Purple,32/75,raw,,Y,Bayer Leverkusen,,,IMG_4904,4,,,soccer auto
197,20.00,est,,Johan Bakayoko,,Topps,Chrome Bundesliga,Green,07/99,raw,,Y,RB Leipzig,,,IMG_4904,6,,,soccer auto
198,20.00,est,,Ryan Kalkbrenner,2025,Panini,Signature Series Tools of the Trade,,21/49,raw,,Y,Hornets,,,IMG_4905,4,,,"RC triple relic auto, sealed"
199,20.00,est,,Kony Ealy,,Panini,Signature,,,raw,,Y,Panthers,94,,IMG_4906,1,,,
200,20.00,est,,Hassan Haskins,,Panini,Prizm Significant Signatures,,,raw,,Y,Chargers,25,,IMG_4906,2,,,
201,20.00,est,,Abdul Carter,2025,Donruss,Elite Turn of the Century,Red,11/75,raw,,Y,Giants,11,,IMG_4906,4,,,RC auto
202,20.00,est,,Mario Edwards Jr.,,Topps,Chrome,,,raw,,Y,Raiders,97,,IMG_4906,6,,,
203,20.00,est,,Cameron Erving,2015,Sage,Draft Picks,,,raw,,Y,Florida State,75,,IMG_4926,6,,,RC auto
204,20.00,est,,T.J. Warren,2014,Panini,Prizm,,,raw,,Y,Suns,,,IMG_4936,1,,,RC auto
205,20.00,est,,Cory Jefferson,2014,Panini,Prizm,,,raw,,Y,Nets,,,IMG_4936,4,,,RC auto
206,20.00,est,,Jordan Clarkson,,Panini,Limited Team Trademarks,,16/99,raw,,,Lakers,6,,IMG_4936,6,,,jersey
207,20.00,est,,Ethan Conrad,,Panini,Immaculate Collection Brilliance,,43/99,raw,,,Cubs,,,IMG_4938,1,,,prospect jersey
208,20.00,est,,MarJon Beauchamp,,Panini,Impeccable Immaculate Autographs,,76/88,raw,,Y,Bucks,0,,IMG_4939,6,,,RC auto
209,20.00,est,,Thon Maker,,Panini,Limited Unlimited Materials,,17/39,raw,,,Bucks,,,IMG_4940,2,,,patch
210,20.00,est,,Georgios Papagiannis,,Panini,Limited,,,raw,,Y,Kings,,,IMG_4940,3,,,RC jersey auto
211,20.00,est,,Randall Cobb,,Panini,Prizm Sensational Signatures,Pink Xfractor,,raw,,Y,Packers,,,IMG_4941,1,,,"auto, sealed"
212,20.00,est,,DK Metcalf,,Panini,Phoenix Signatures Moments,,,raw,,Y,Seahawks,14,,IMG_4941,2,,,"auto, sealed"
213,20.00,est,,Antonio Gates,,Panini,Prizm Franchise Legends,,,raw,,Y,Chargers,85,,IMG_4942,6,,,"auto, sealed"
214,20.00,est,,Tony Gonzalez,,Panini,Plates & Patches Legends,,37/65,raw,,,Chiefs,,,IMG_4948,3,,,
215,20.00,est,,Trevor Ariza,,Panini,Limited,,30/99,raw,,,Rockets,1,,IMG_4949,1,,,
216,20.00,est,,Nikola Vucevic,,Panini,Limited,,41/49,raw,,,Magic,9,,IMG_4949,2,,,
217,20.00,est,,DeAndre' Bembry,,Panini,Limited,,08/49,raw,,Y,Hawks,95,,IMG_4949,3,,,RC jersey auto
218,20.00,est,,Adrian Gonzalez,,Panini,Immaculate Collection,,94/99,raw,,Y,Dodgers,,,IMG_4955,2,,,dual jersey auto
219,19.00,sticker,,Lamar Jackson,,Leaf,Flash,Blue,076/150,raw,,,Ravens,8,19,IMG_4848,2,Y,,confirm brand
220,18.00,sticker,,Josh Allen,,Topps,Finest Creators,,058/150,raw,,,Bills,17,18,IMG_4840,3,,,
221,17.00,sticker,,Redskins WR (confirm),,Panini,Immortalized (auto patch),Xfractor-style,39/99,raw,,Y,Commanders,,17,IMG_4842,4,Y,,confirm player
222,15.00,est,,Victor Wembanyama,2023,Topps,Now,,,raw,,,Spurs,,,IMG_4815,4,,,6.20.23 1st pitch Bronx MLB card
223,15.00,est,,Kobe Bryant,,Topps,Finest,,,raw,,,Lakers,8,,IMG_4815,5,,,Guard subset
224,15.00,est,,Victor Wembanyama,2023-24,Panini,Prizm Monopoly,Base,,raw,,,Spurs,,,IMG_4816,2,,,RC
225,15.00,est,,LeBron James,,Panini,Prizm All-Star,Red,,raw,,,Lakers,,,IMG_4816,3,,,All-Star subset
226,15.00,est,,Shohei Ohtani,,Topps,Chrome,,,raw,,,Angels,,,IMG_4818,6,,,All-Star Game refractor
227,15.00,est,,Stephen Curry / Kevin Durant,,Leaf,Exclusive Legends Edition,Wave,,raw,,,Warriors,,,IMG_4820,1,,,dual player
228,15.00,est,,Joe Burrow,,Panini,Prizm,,,raw,,,Bengals,9,,IMG_4825,1,,,
229,15.00,est,,Shohei Ohtani,,Topps,75th (Dodgers Duo),,,raw,,,Dodgers,,,IMG_4829,1,,,Dodgers Duo insert
230,15.00,est,,Shohei Ohtani,,Topps,Chrome (National),,,raw,,,Dodgers,17,,IMG_4829,2,,,National Convention
231,15.00,est,,Shohei Ohtani,,Topps,Finest,,,raw,,,Angels,,,IMG_4829,3,,,refractor
232,15.00,est,,Shohei Ohtani,,Bowman,,,,raw,,,Angels,,,IMG_4829,4,,,ornate frame insert
233,15.00,est,,Aaron Judge,2017,Bowman,Rookie of the Year Favorites,,,raw,,,Yankees,,,IMG_4829,5,,,RC insert
234,15.00,est,,Anthony Edwards,,Panini,Prizm,Blue,,raw,,,Timberwolves,1,,IMG_4831,2,,,
235,15.00,est,,Luka Doncic,,Panini,NBA Hoops Lights Camera Action,,,raw,,,Lakers,,,IMG_4831,4,,,
236,15.00,est,,Breece Hall,,Panini,Limited Unlimited Potential,,,raw,,,Jets,20,,IMG_4831,8,,,RC jersey
237,15.00,est,,Shai Gilgeous-Alexander,,Topps,Chrome Ball Duty,,036/199,raw,,,Thunder,2,,IMG_4832,6,,,
238,15.00,est,,Bobby Witt Jr.,,Donruss,Rated Prospect,Red,006/149,raw,,,Royals,,,IMG_4833,5,,,
239,15.00,sticker,,Michael Redd,,Fleer,Autographics,,,raw,,Y,Bucks,22,15,IMG_4835,3,,,
240,15.00,sticker,,Blake Corum,,Panini,Contenders Permit to Dominate,,,raw,,,Rams,22,15,IMG_4835,4,,,RC
241,15.00,sticker,,confirm (baseball prospect),,Topps,Inception,Red,,raw,,Y,,,15,IMG_4838,3,Y,,auto; player ID unclear
242,15.00,sticker,,Jett Williams,,Donruss,Canvas Creations,,37/49,raw,,Y,Mets,,15,IMG_4839,1,Y,,confirm player
243,15.00,sticker,,Victor Wembanyama,2023-24,Topps,(Round 1 Pick 1),,,raw,,,Spurs,1,15,IMG_4840,1,,,RC
244,15.00,est,,Giannis Antetokounmpo,,Donruss,Optic My House,,,raw,,,Bucks,34,,IMG_4843,4,,,
245,15.00,est,,Giannis Antetokounmpo,,Donruss,Optic,Purple,,raw,,,Bucks,34,,IMG_4844,3,,,
246,15.00,est,,Victor Wembanyama,,Topps,Chrome Highlights (Euphoria),,,raw,,,Spurs,,,IMG_4846,3,,,
247,15.00,sticker,,Payton Tolle,,Panini,Immaculate Collection,,25/49,raw,,,Red Sox,,15,IMG_4847,1,,,RC jersey
248,15.00,est,,Pablo Sandoval,,Panini,Spectra Brilliance,,,raw,,,Braves,35,,IMG_4847,2,,,jersey
249,15.00,sticker,,Horace Grant,,Custom,Booom!,,,BGS Auth Auto,00018295811,Y,Bulls,54,15,IMG_4851,1,Y,,FLAG: Beckett labels CUSTOM card; auto authentic - disclose
250,15.00,sticker,,Horace Grant,,Custom,Booom!,,,BGS Auth Auto,00019294047,Y,Bulls,54,15,IMG_4851,5,Y,,FLAG: Beckett labels CUSTOM card; auto authentic - disclose
251,15.00,est,,Josh Allen,,Topps,Chrome Light Speed,,,raw,,,Bills,,,IMG_4858,4,,,
252,15.00,est,,Von Miller,,Panini,Select Multiverse,Red,,raw,,,Broncos,58,,IMG_4859,1,,,dual jersey
253,15.00,est,,Ezekiel Elliott,,Donruss,Elite Coverage,,,raw,,,Cowboys,21,,IMG_4859,2,,,jersey
254,15.00,est,,Marquise Brown,,Panini,Select Multiverse,,,raw,,,Chiefs,5,,IMG_4860,5,,,dual jersey
255,15.00,est,,Michael Jordan,1992-93,Upper Deck,All-Star Weekend,,,raw,,,Bulls,,,IMG_4861,4,,,East AS insert
256,15.00,est,,Aaron Judge,,Donruss,Elite Career Best,,,raw,,,Yankees,,,IMG_4862,4,,,62 HR
257,15.00,est,,Bobby Witt Jr.,,Donruss,Unleashed,,091/199,raw,,,Royals,,,IMG_4862,5,,,
258,15.00,est,,Aaron Judge,,Donruss,Elite,,,raw,,,Yankees,,,IMG_4863,1,,,
259,15.00,est,,Shai Gilgeous-Alexander,,Panini,NBA Hoops All-Star,Holo,,raw,,,Thunder,,,IMG_4866,3,,,
260,15.00,est,,Shai Gilgeous-Alexander,,Panini,NBA Hoops Finals Pursuit,Holo,,raw,,,Thunder,2,,IMG_4866,5,,,
261,15.00,est,,Luka Doncic,2025,Topps,(Round 1 Pick 3),,,raw,,,Lakers,77,,IMG_4867,6,,,
262,15.00,est,,Patrick Mahomes II,2023,Panini,Select,Silver,,raw,,,Chiefs,15,,IMG_4873,1,,,
263,15.00,est,,Luka Doncic,2025,Panini,NBA Hoops (Hvala Za Vse Luka),,,raw,,,Lakers,,,IMG_4876,5,,,tribute insert
264,15.00,est,,Stephen Curry,2025,Panini,NBA Hoops All-Star,Holo,,raw,,,Warriors,,,IMG_4877,3,,,
265,15.00,est,,Victor Wembanyama,2025,Panini,NBA Hoops All-Star,,,raw,,,Spurs,,,IMG_4877,4,,,
266,15.00,est,,Victor Wembanyama,,Panini,NBA Hoops,,,raw,,,Spurs,,,IMG_4877,6,,,
267,15.00,est,,Kobe Bryant,,Upper Deck,Pros & Prospects,,,raw,,,Lakers,8,,IMG_4878,3,,,
268,15.00,est,,Nikola Jokic,,Topps,Unfazed,,,raw,,,Nuggets,15,,IMG_4885,5,,,
269,15.00,est,,Giannis Antetokounmpo,,Panini,Prizm,,,raw,,,Bucks,34,,IMG_4889,3,,,
270,15.00,est,,Heston Kjerstad,2020,Panini,Elite Extra Edition First Round Materials,,,raw,,,Orioles,,,IMG_4892,5,,,jersey
271,15.00,est,,Bam Adebayo,,Topps,Contemporary Collection Lucky Draw,,,raw,,,Heat,13,,IMG_4899,1,,,"NBA logo/Eastern patch, sealed"
272,15.00,est,,Bryce Eldridge,,Panini,Stars & Stripes Throwback,,,raw,,,USA/Giants,25,,IMG_4901,1,,,"USA jersey relic, sealed"
273,15.00,est,,LeBron James,,Panini,Limited No Limit,,,raw,,,Cavaliers,23,,IMG_4902,1,,,
274,15.00,est,,Bobby Witt Jr.,,Topps,Finest,,,raw,,,Royals,7,,IMG_4907,1,,,
275,15.00,est,,Shohei Ohtani,,Topps,Finest,,,raw,,,Dodgers,,,IMG_4907,3,,,
276,15.00,est,,Paul Skenes,,Topps,Finest,,,raw,,,Pirates,,,IMG_4909,5,,,
277,15.00,est,,Mike Trout,,Topps,Finest,,,raw,,,Angels,27,,IMG_4910,4,,,
278,15.00,est,,Michael Jordan,,Upper Deck,MVP Back to Back,,,raw,,,Bulls,23,,IMG_4913,1,,,"insert, sealed"
279,15.00,est,,Kobe Bryant,,Upper Deck,Pros & Prospects,,,raw,,,Lakers,24,,IMG_4917,4,,,
280,15.00,est,,Anthony Edwards,,Panini,NBA Hoops,Holo,,raw,,,Timberwolves,5,,IMG_4919,2,,,
281,15.00,est,,Kobe Bryant,,Fleer,Tradition,,,raw,,,Lakers,8,,IMG_4921,6,,,
282,15.00,est,,Victor Wembanyama,,Panini,NBA Hoops,,,raw,,,Spurs,1,,IMG_4922,5,,,
283,15.00,est,,Stephen Curry,,Panini,NBA Hoops Highlights,,,raw,,,Warriors,,,IMG_4923,2,,,
284,15.00,est,,Nikola Jokic,,Panini,NBA Hoops (Winter),Sparkle,,raw,,,Nuggets,15,,IMG_4924,1,,,
285,15.00,est,,Patrick Mahomes II,,Topps,Chrome Cosmic,,,raw,,,Chiefs,15,,IMG_4927,5,,,sealed
286,15.00,est,,Tom Brady,,Panini,Mosaic Men of Mastery,,,raw,,,Buccaneers,12,,IMG_4929,5,,,
287,15.00,est,,Josh Allen,,Panini,Mosaic,Silver,,raw,,,Bills,17,,IMG_4930,6,,,
288,15.00,est,,Joe Burrow,,Panini,Mosaic Touchdown Masters,,,raw,,,Bengals,9,,IMG_4932,1,,,
289,15.00,est,,Ja'Marr Chase,,Panini,Mosaic,Pink Camo,,raw,,,Bengals,1,,IMG_4932,2,,,
290,15.00,est,,Paul Skenes,,Donruss,Elite Spell Bound,,,raw,,,Pirates,,,IMG_4934,4,,,
291,15.00,est,,Stephen Curry,,Panini,Origins,,,raw,,,Warriors,,,IMG_4936,3,,,
292,15.00,est,,Javon Small,2025,Panini,Threads,,,raw,,,Grizzlies,,,IMG_4937,2,,,RC jersey
293,15.00,est,,Cameron Thomas,,Panini,Origins,,,raw,,,Nets,,,IMG_4937,3,,,RC jumbo jersey
294,15.00,est,,Michael Jordan,,Upper Deck,The MJ Records Almanac,,,raw,,,Bulls,23,,IMG_4940,4,,,
295,15.00,est,,Kobe Bryant,,Upper Deck,Hardcourt,,,raw,,,Lakers,8,,IMG_4940,6,,,
296,15.00,est,,Riley Leonard,2025,Donruss,Optic Phenom,,,raw,,,Colts,15,,IMG_4942,4,,,RC jersey
297,15.00,est,,Kobe Bryant,,Fleer,Tradition,,,raw,,,Lakers,8,,IMG_4943,4,,,Western subset
298,15.00,est,,Kobe Bryant,,Upper Deck,New Court Order,,,raw,,,Lakers,8,,IMG_4943,5,,,
299,15.00,est,,Cliff Floyd,,Topps,206 (mini jersey),,,raw,,,Marlins,,,IMG_4945,2,,,"game-worn jersey, sealed"
300,15.00,est,,Paul Skenes,,Donruss,,,,raw,,,Pirates,30,,IMG_4946,2,,,
301,15.00,est,,Aaron Judge,,Bowman,Chrome Electric Sluggers,,,raw,,,Yankees,,,IMG_4947,2,,,sealed
302,15.00,est,,Patrick Mahomes II,,Topps,Chrome Light Speed,,,raw,,,Chiefs,15,,IMG_4948,4,,,sealed
303,15.00,est,,Anthony Edwards,2025,Panini,NBA Hoops All-Star,Holo,,raw,,,Timberwolves,,,IMG_4953,2,,,sealed
304,13.00,sticker,,Rickey Henderson,1994,Bowman,Bowman's Best,Red,,PSA 8 NM-MT,12449165,,Athletics,44,13,IMG_4857,2,,,
305,12.00,est,,Kevin McHale,1986-87,Fleer,Super Star Sticker,,,raw,,,Celtics,32,,IMG_4831,3,,,sticker
306,12.00,est,,Lawrence Taylor,1982,Topps,NFC All Pro,,,raw,,,Giants,,,IMG_4844,1,,,vintage
307,12.00,est,,Bo Jackson,1988,Fleer,,,,raw,,,Royals,16,,IMG_4864,4,,,
308,12.00,est,,Celtics player (confirm),1981-82,Topps,Super Action,,,raw,,,Celtics,,,IMG_4880,1,Y,,confirm player (Bird SA?)
309,12.00,est,,Wes Unseld,1978-79,Topps,,,,raw,,,Bullets,,,IMG_4880,2,,,
310,12.00,est,,Mike Gale,1978-79,Topps,,,,raw,,,Spurs,12,,IMG_4880,3,,,
311,12.00,est,,Dan Issel,1978-79,Topps,,,,raw,,,Nuggets,44,,IMG_4880,4,,,
312,12.00,est,,Magic Johnson,1981-82,Topps,,,,raw,,,Lakers,10,,IMG_4880,5,,,2nd year
313,12.00,est,,Pete Maravich,1978-79,Topps,,,,raw,,,Jazz,,,IMG_4880,6,,,2nd Team All-Star
314,12.00,est,,Jo Jo White,1978-79,Topps,,,,raw,,,Celtics,10,,IMG_4881,1,,,
315,12.00,est,,Bill Walton,1978-79,Topps,,,,raw,,,Trail Blazers,,,IMG_4881,2,,,1st Team All-Star
316,11.00,sticker,,James Bouknight,,Panini,Origins,,,raw,,,Hornets,,11,IMG_4838,1,,,RC
317,10.00,sticker,,Dylan Crews,,Panini,Signatures,,08/99,raw,,Y,Nationals,,10,IMG_4836,3,,,
318,10.00,est,,Caleb Williams,,Topps,Class Action,Red,215/299,raw,,,Bears,18,,IMG_4843,1,,,RC insert
319,10.00,est,,Liam McNeeley,2025,Topps,(Round 1 Pick 29),Green,074/150,raw,,,Hornets,33,,IMG_4869,2,,,RC
320,10.00,est,,RJ Davis,2025,Signature Series,,,075/199,raw,,,Lakers,99,,IMG_4883,1,,,RC
321,10.00,est,,Dirk Nowitzki,,Signature Series,,,165/199,raw,,,Mavericks,41,,IMG_4883,4,,,
322,10.00,est,,Juwan Howard,,Upper Deck,High Court,,0074/1300,raw,,,Wizards,,,IMG_4915,5,,,
323,10.00,est,,Cavaliers rookie (confirm),2025,Topps,(Round 1 Pick),Purple,020/100,raw,,,Cavaliers,,,IMG_4915,6,Y,,confirm player
324,10.00,est,,Khris Middleton,,Topps,(Round 2 Pick 39),,202/250,raw,,,Wizards,22,,IMG_4919,4,,,
325,10.00,est,,Ron Holland II,2024,Topps,(Round 1 Pick 5),Purple,038/100,raw,,,Pistons,00,,IMG_4919,5,,,
326,10.00,est,,Adou Thiero,2025,Topps,(Round 1 Pick 36),Teal,116/225,raw,,,Lakers,,,IMG_4919,6,Y,,RC; confirm team
327,10.00,est,,Cameron Jordan,,Topps,Chrome,Blue Wave,035/150,raw,,,Saints,94,,IMG_4925,1,,,
328,10.00,est,,Tyler Bremner,2025,Donruss,Elite Prospects,,060/150,raw,,,Angels,,,IMG_4946,4,,,
329,8.25,sticker,,Patrick Mahomes II,,Panini,Mosaic Swagger,,,raw,,,Chiefs,15,8.25,IMG_4849,1,,,
330,7.50,sticker,,Anthony Davis,,Donruss,Optic,Purple,,raw,,,Lakers,3,7.50,IMG_4846,2,,,
331,6.00,est,,VJ Edgecombe,2025,Topps,Chrome Fanatical,,,raw,,,76ers,,,IMG_4814,4,,,RC insert
332,6.00,est,,Yoshinobu Yamamoto,2024,Topps,Chrome Sapphire,Blue,,raw,,,Dodgers,,,IMG_4818,5,Y,,RC Rookie Debut; confirm Sapphire vs cracked ice
333,6.00,est,,Justin Herbert,,Panini,Prizm Black,Black,,raw,,,Chargers,,,IMG_4822,2,,,RC
334,6.00,est,,Rome Odunze,,Donruss,Downtown,Downtown SSP,,raw,,,Bears,15,,IMG_4824,4,,,RC insert
335,6.00,est,,Puka Nacua,,Panini,Select,Blue,,raw,,,Rams,17,,IMG_4825,6,,,RC
336,6.00,est,,Bo Nix,,Panini,Mosaic Kaleidoscope,Kaleidoscope,,raw,,,Broncos,10,,IMG_4826,1,,,RC
337,6.00,est,,Cam Ward,2025,Topps,Chrome,,,raw,,,Titans,1,,IMG_4831,6,,,RC
338,6.00,est,,Jameson Williams,,Panini,Classics Rookies,Gold,,raw,,,Lions,16,,IMG_4833,6,,,RC
339,6.00,est,,Aidan Hutchinson,,Panini,Mosaic,Red/Disco,,raw,,,Lions,97,,IMG_4838,7,,,RC
340,6.00,est,,Isaac TeSlaa,,Donruss,Optic Rated Rookie,Green,,raw,,,Lions,8,,IMG_4838,8,,,RC
341,6.00,est,,Brice Matthews,,Donruss,,,,raw,,,Astros,,,IMG_4841,4,,,RC
342,6.00,est,,Quinshon Judkins,,Panini,Prizm,Orange,,raw,,,Browns,10,,IMG_4843,2,,,RC
343,6.00,est,,Caleb Williams,,Topps,Chrome,Xfractor,,raw,,,Bears,13,,IMG_4843,6,,,RC
344,6.00,est,,Tim Tebow,2010,Topps,Chrome,,,raw,,,Broncos,15,,IMG_4845,1,,,RC
345,6.00,est,,Jaxson Dart,2025,Panini,Phoenix,,,raw,,,Giants,6,,IMG_4848,1,,,RC
346,6.00,est,,Malik Nabers,2024,Panini,Prizm,Pink,,raw,,,Giants,,,IMG_4848,7,,,RC
347,6.00,est,,Trey Benson,,Topps,Chrome,,,raw,,,Cardinals,,,IMG_4858,2,,,RC
348,6.00,est,,Brock Bowers,,Panini,Edge,Green,,raw,,,Raiders,89,,IMG_4858,6,,,RC
349,6.00,est,,Bo Nix,,Topps,Chrome,Xfractor,,raw,,,Broncos,10,,IMG_4859,5,,,RC
350,6.00,est,,Emeka Egbuka,2025,Panini,Prizm,,,raw,,,Buccaneers,9,,IMG_4860,1,,,RC
351,6.00,est,,Malaki Starks,2025,Panini,Select,,,raw,,,Ravens,24,,IMG_4860,2,,,RC
352,6.00,est,,Bubba Chandler,,Donruss,Diamond Marvels,,,raw,,,Pirates,57,,IMG_4862,1,,,RC
353,6.00,est,,Roman Anthony,,Bowman,Sterling Chrome,,,raw,,,Red Sox,,,IMG_4862,3,Y,,RC; confirm team/photo
354,6.00,est,,Chase Burns,2026,Topps,Chrome (Big Ticket Player),,,raw,,,Reds,26,,IMG_4863,4,,,RC
355,6.00,est,,Kevin McGonigle,,Donruss,Elite Prospects,,,raw,,,Tigers,85,,IMG_4863,5,,,RC
356,6.00,est,,Drake Maye,,Topps,Chrome,Xfractor,,raw,,,Patriots,,,IMG_4865,3,,,RC
357,6.00,est,,Ace Bailey,2025,Topps,Pure,,,raw,,,Jazz,,,IMG_4866,2,,,RC
358,6.00,est,,Vlad Goldin,2025,Signature Series,,,,raw,,,Heat,50,,IMG_4867,1,,,RC
359,6.00,est,,Kon Knueppel,2025,Panini,NBA Hoops Next Episode,,,raw,,,Hornets,7,,IMG_4867,2,,,RC
360,6.00,est,,Neoklis Avdalas,2025,Donruss,Rated Rookie,Green,,raw,,,,17,,IMG_4867,3,Y,,RC; confirm team
361,6.00,est,,Jamir Watkins,2025,Donruss,Rated Rookie,Green,,raw,,,Wizards,30,,IMG_4867,4,,,RC
362,6.00,est,,Jamir Watkins,2025,Bowman,Chrome,,,raw,,,Wizards,30,,IMG_4867,5,,,RC
363,6.00,est,,Kayson Cunningham,,Donruss,Optic Rated Prospect,Orange,,raw,,,Diamondbacks,,,IMG_4868,4,,,RC
364,6.00,est,,Ryan Sloan,,Donruss,Rated Prospect,,,raw,,,Mariners,,,IMG_4868,5,,,RC
365,6.00,est,,VJ Edgecombe,2025,Panini,NBA Hoops,,,raw,,,76ers,77,,IMG_4869,6,,,RC
366,6.00,est,,Jalen Milroe,2025,Panini,Mosaic Notoriety,,,raw,,,Seahawks,6,,IMG_4870,1,,,RC
367,6.00,est,,Oluwafemi Oladejo,2025,Panini,Absolute,,,raw,,,Titans,53,,IMG_4870,2,,,RC
368,6.00,est,,AJ McCarron,,Panini,Prizm,,,raw,,,Bengals,5,,IMG_4870,5,,,RC
369,6.00,est,,Shedeur Sanders,2025,Panini,Mosaic Notoriety,,,raw,,,Browns,,,IMG_4871,3,,,RC
370,6.00,est,,Cam Skattebo,2025,Panini,Mosaic,Silver,,raw,,,Giants,44,,IMG_4872,4,,,RC
371,6.00,est,,Bijan Robinson,,Panini,Select,,,raw,,,Falcons,,,IMG_4872,6,,,RC
372,6.00,est,,C.J. Stroud,2023,Panini,Select,,,raw,,,Texans,,,IMG_4873,2,,,RC
373,6.00,est,,Abdul Carter,2025,Topps,Chrome Power Players,,,raw,,,Giants,,,IMG_4874,1,,,RC
374,6.00,est,,Michael Penix Jr.,,Topps,Chrome,Blue Refractor,,raw,,,Falcons,,,IMG_4874,3,,,RC
375,6.00,est,,Travis Hunter,2025,Topps,Chrome Power Players,,,raw,,,Jaguars,,,IMG_4874,5,,,RC
376,6.00,est,,Cam Ward,2025,Topps,Chrome,Refractor,,raw,,,Titans,,,IMG_4875,1,,,RC
377,6.00,est,,Travis Hunter,2025,Donruss,Rookies (White Hot),,,raw,,,Jaguars,,,IMG_4875,3,,,RC
378,6.00,est,,Michael Penix Jr.,,Panini,Mosaic NFL Debut,Pink Camo,,raw,,,Falcons,,,IMG_4875,4,,,RC
379,6.00,est,,Keon Johnson,,Panini,Origins,,,raw,,,Clippers,45,,IMG_4876,2,,,RC
380,6.00,est,,Ben Saraf,2025,Topps,Midnight,,,raw,,,Nets,77,,IMG_4876,3,,,RC
381,6.00,est,,Jaylen Wells,,Panini,Prizm,Red,,raw,,,Grizzlies,0,,IMG_4882,3,,,RC
382,6.00,est,,Noah Vonleh,2014,Panini,Prizm,,,raw,,,Hornets,,,IMG_4884,6,,,RC
383,6.00,est,,Tyrese Proctor,2025,Topps,Unfazed,,,raw,,,Cavaliers,24,,IMG_4886,1,,,RC
384,6.00,est,,Ron Holland II,2024,Panini,Select Rookie Revolution,,,raw,,,Pistons,00,,IMG_4888,3,,,RC
385,6.00,est,,T.J. Warren,2014,Panini,Prizm,,,raw,,,Suns,12,,IMG_4888,4,,,RC
386,6.00,est,,VJ Edgecombe,2025,Topps,(Round 1 Pick 3),,,raw,,,76ers,77,,IMG_4889,1,,,RC
387,6.00,est,,Ron Holland II,2024,Panini,Prizm,Red Sparkle,,raw,,,Pistons,0,,IMG_4890,1,,,RC
388,6.00,est,,Luther Burden III,2025,Panini,Prizm Prizmatic,,,raw,,,Bears,87,,IMG_4891,1,,,RC
389,6.00,est,,Jalen McMillan,2024,Donruss,Optic Rated Rookie,Blue,,raw,,,Buccaneers,15,,IMG_4891,2,,,RC
390,6.00,est,,Mitch Voit,,Donruss,Optic Rated Prospect,Orange,,raw,,,Yankees,,,IMG_4892,3,,,RC
391,6.00,est,,Brice Matthews,,Topps,Chrome,Negative,,raw,,,Astros,28,,IMG_4893,1,,,RC
392,6.00,est,,Chase DeLauter,,Donruss,Unleashed,,,raw,,,Guardians,,,IMG_4893,6,,,RC
393,6.00,est,,Kevin McGonigle,,Donruss,Rated Prospect,,,raw,,,Tigers,,,IMG_4894,2,,,RC
394,6.00,est,,Matas Buzelis,2024,Panini,Prizm Groovy,Pink,,raw,,,Bulls,14,,IMG_4899,5,,,"RC, sealed"
395,6.00,est,,Jac Caglianone,2025,Bowman,Sterling Chrome,,,raw,,,Royals,14,,IMG_4903,1,,,"RC, sealed"
396,6.00,est,,Kon Knueppel,2025,Topps,Chrome,,,raw,,,Hornets,7,,IMG_4905,1,,,"RC, sealed"
397,6.00,est,,Cam Schlittler,,Topps,Finest,,,raw,,,Yankees,,,IMG_4907,2,,,RC
398,6.00,est,,Munetaka Murakami,,Topps,Finest,,,raw,,,White Sox,,,IMG_4907,4,Y,,RC; confirm team
399,6.00,est,,Ceddanne Rafaela,,Topps,Stars of MLB,,,raw,,,Red Sox,,,IMG_4908,3,,,RC
400,6.00,est,,Nolan McLean,,Topps,Finest Arrivals,,,raw,,,Mets,,,IMG_4909,1,,,RC
401,6.00,est,,Kevin McGonigle,,Topps,Finest Arrivals,,,raw,,,Tigers,,,IMG_4909,6,,,RC
402,6.00,est,,Sal Stewart,,Topps,Finest Arrivals,,,raw,,,Reds,27,,IMG_4910,1,,,RC
403,6.00,est,,JJ Wetherholt,,Topps,Finest,,,raw,,,Cardinals,,,IMG_4910,5,,,RC
404,6.00,est,,Cole Young,,Topps,Finest Arrivals,,,raw,,,Mariners,,,IMG_4911,7,,,RC
405,6.00,est,,Tim James,1999,Fleer,Tradition,,,raw,,,Heat,,,IMG_4912,1,,,RC
406,6.00,est,,Aleksandar Radojevic,1999,Fleer,Tradition,,,raw,,,Raptors,,,IMG_4912,4,,,RC
407,6.00,est,,Trajan Langdon,1999,Fleer,Tradition,,,raw,,,Cavaliers,,,IMG_4912,5,,,RC
408,6.00,est,,Richard Hamilton,1999,Fleer,Tradition,,,raw,,,Wizards,,,IMG_4912,6,,,RC
409,6.00,est,,Jonathan Bender,1999,Fleer,Tradition,,,raw,,,Pacers,,,IMG_4913,3,,,RC
410,6.00,est,,William Avery,1999,Fleer,Tradition,,,raw,,,Timberwolves,,,IMG_4914,2,,,RC
411,6.00,est,,Andre Miller,1999,Fleer,Tradition,,,raw,,,Cavaliers,,,IMG_4915,2,,,RC
412,6.00,est,,Aleksandar Radojevic,1999,Fleer,Tradition,,,raw,,,Raptors,,,IMG_4915,3,,,RC
413,6.00,est,,Kenny Thomas,1999,Fleer,Tradition,,,raw,,,Rockets,,,IMG_4917,2,,,RC
414,6.00,est,,Keith Van Horn,,Upper Deck,Home Court Advantage,,,raw,,,Nets,44,,IMG_4918,1,,,RC-era
415,6.00,est,,Dylan Harper,2025,Topps,(Round 1 Pick 2),,,raw,,,Spurs,2,,IMG_4919,1,,,RC
416,6.00,est,,KJ Simpson Jr.,,Panini,Prizm,Blue Sparkle,,raw,,,Hornets,25,,IMG_4920,3,,,RC
417,6.00,est,,Shawn Marion,1999,Fleer,Tradition Dream Scene,,,raw,,,Suns,,,IMG_4921,3,,,RC
418,6.00,est,,Larry Hughes,,Upper Deck,Pros & Prospects ProActive,,,raw,,,Warriors,20,,IMG_4921,5,,,RC-era
419,6.00,est,,Lamar Odom,1999,Fleer,Tradition,,,raw,,,Clippers,,,IMG_4922,1,,,RC
420,6.00,est,,Ron Artest,1999,Fleer,Tradition,,,raw,,,Bulls,,,IMG_4922,4,,,RC
421,6.00,est,,Andre Miller,1999,Fleer,Tradition,,,raw,,,Cavaliers,,,IMG_4922,6,,,RC
422,6.00,est,,Tetairoa McMillan,2025,Topps,Rookie Wave,,,raw,,,Panthers,4,,IMG_4925,3,,,RC
423,6.00,est,,Pat Bryant,2025,Topps,Chrome,Xfractor,,raw,,,Broncos,,,IMG_4925,4,Y,,RC; confirm player
424,6.00,est,,Kaleb Johnson,2025,Topps,Chrome,,,raw,,,Steelers,,,IMG_4925,5,,,RC
425,6.00,est,,Jalon Walker,2025,Donruss,Optic Rated Rookie,Pink,,raw,,,Falcons,11,,IMG_4925,6,,,RC
426,6.00,est,,DJ Giddens,2025,Donruss,Optic Rated Rookie,Pink,,raw,,,Colts,31,,IMG_4926,1,,,RC
427,6.00,est,,Roschon Johnson,,Topps,Chrome,,,raw,,,Bears,23,,IMG_4926,4,,,RC
428,6.00,est,,Bucky Irving,2024,Donruss,Optic Rated Rookie,,,raw,,,Buccaneers,7,,IMG_4927,1,,,RC
429,6.00,est,,Luther Burden III,2025,Panini,Elevate,,,raw,,,Bears,87,,IMG_4927,3,,,RC
430,6.00,est,,Elijah Arroyo,2025,Topps,Chrome,,,raw,,,Seahawks,,,IMG_4927,4,,,RC
431,6.00,est,,Cam Ward,2025,Panini,Notoriety,,,raw,,,Titans,,,IMG_4927,6,,,RC
432,6.00,est,,Travis Hunter,2025,Panini,Mosaic Elevate,Blue,,raw,,,Jaguars,12,,IMG_4928,4,,,RC
433,6.00,est,,Tyleik Williams,2025,Topps,Chrome,Xfractor,,raw,,,Lions,91,,IMG_4928,6,,,RC
434,6.00,est,,Abdul Carter,2025,Panini,Mosaic Notoriety,,,raw,,,Giants,,,IMG_4929,2,,,RC
435,6.00,est,,Malaki Starks,2025,Topps,Chrome,Refractor,,raw,,,Ravens,24,,IMG_4930,2,,,RC
436,6.00,est,,Pat Bryant,2025,Topps,Chrome,,,raw,,,Broncos,13,,IMG_4931,1,,,RC
437,6.00,est,,Emeka Egbuka,2025,Panini,Prizm,,,raw,,,Buccaneers,9,,IMG_4931,2,,,RC
438,6.00,est,,Justin Herbert,2020,Panini,Mosaic,Red,,raw,,,Chargers,10,,IMG_4931,5,,,RC
439,6.00,est,,Shedeur Sanders,2025,Panini,Mosaic,Pink Camo,,raw,,,Browns,12,,IMG_4932,3,,,RC
440,6.00,est,,Shedeur Sanders,2025,Panini,Mosaic,Green,,raw,,,Browns,12,,IMG_4932,4,,,RC
441,6.00,est,,Matthew Golden,2025,Panini,Mosaic,Pink Camo,,raw,,,Packers,22,,IMG_4933,6,,,RC
442,6.00,est,,Kaleb Johnson,2025,Panini,Mosaic,Pink Camo,,raw,,,Steelers,20,,IMG_4933,8,,,RC
443,6.00,est,,Jo Adell,,Bowman,,,,raw,,,Angels,,,IMG_4934,3,,,RC
444,6.00,est,,Caleb Williams,2024,Panini,Prizm,,,raw,,,Bears,18,,IMG_4935,1,,,"RC, sealed"
445,6.00,est,,Ashton Jeanty,2025,Panini,Phoenix Thunderbirds,,,raw,,,Raiders,2,,IMG_4935,3,,,"RC, sealed"
446,6.00,est,,Walter Clayton Jr.,2025,Donruss,Rated Rookie,,,raw,,,Jazz,3,,IMG_4936,2,,,RC
447,6.00,est,,LaMelo Ball,2020,Panini,Prizm,Red Wave,,raw,,,Hornets,2,,IMG_4936,5,,,"RC, sealed"
448,6.00,est,,Kon Knueppel,2025,Panini,NBA Hoops,,,raw,,,Hornets,7,,IMG_4939,2,,,RC
449,6.00,est,,Emeka Egbuka,2025,Donruss,Optic Rated Rookie,Blue,,raw,,,Buccaneers,9,,IMG_4942,1,,,RC
450,6.00,est,,Shedeur Sanders,2025,Donruss,Optic Rated Rookie,Purple,,raw,,,Browns,,,IMG_4942,3,,,RC
451,6.00,est,,Chandler Simpson,,Donruss,Optic,Orange,,raw,,,Rays,,,IMG_4946,5,,,RC
452,6.00,est,,Cade Horton,,Donruss,,,,raw,,,Cubs,22,,IMG_4946,6,,,RC
453,6.00,est,,Bubba Chandler,,Bowman,Bowman's Best,,,raw,,,Pirates,,,IMG_4947,1,,,"RC, sealed"
454,6.00,est,,Tyler Warren,2025,Donruss,Optic Rated Rookie,,,raw,,,Colts,84,,IMG_4948,2,,,RC
455,6.00,est,,Jaxson Dart,2025,Panini,Phoenix Paragon,,,raw,,,Giants,,,IMG_4948,5,,,"RC, sealed"
456,6.00,est,,Kon Knueppel,2025,Topps,Chrome,,,raw,,,Hornets,,,IMG_4949,5,,,"RC, sealed"
457,6.00,est,,Rome Odunze,2024,Panini,Absolute,,,raw,,,Bears,15,,IMG_4950,2,,,"RC, sealed"
458,6.00,est,,Nick Emmanwori,2025,Donruss,Optic Rated Rookie,Blue,,raw,,,Seahawks,3,,IMG_4950,3,,,RC
459,6.00,est,,Joan Beringer,2025,Panini,NBA Hoops Next Episode,,,raw,,,Timberwolves,19,,IMG_4951,2,,,RC
460,6.00,est,,Dillon Jones,2024,Panini,Prizm,,,raw,,,Thunder,3,,IMG_4952,3,,,RC
461,6.00,est,,Max Clark,,Bowman,Sterling Chrome,,,raw,,,Tigers,,,IMG_4955,1,,,"RC prospect, sealed"
462,5.00,sticker,,Aaron Donald,,Panini,Prizm,Checkerboard,,raw,,,Rams,99,5,IMG_4836,1,,,
463,5.00,sticker,,Justin Jefferson,,Panini,Fuzion,,,raw,,,Vikings,18,5,IMG_4837,1,,,
464,5.00,sticker,,Brock Purdy,,Panini,Mosaic National Pride,,,raw,,,49ers,13,5,IMG_4841,6,,,patriotic insert
465,5.00,sticker,,Nick Kurtz,,Donruss,Elite Series,Gold,03/99,raw,,,Athletics,,5,IMG_4847,5,,,
466,3.00,est,,Magic Johnson,,Panini,Mosaic NBA Greats,Pink Camo,,raw,,,Lakers,32,,IMG_4815,3,,,
467,3.00,est,,Byron Buxton,,Panini,Prizm,Silver/Prizm,,raw,,,Twins,,,IMG_4821,1,,,
468,3.00,est,,Bryce Harper,,Topps,Home Field Advantage,,,raw,,,Phillies,,,IMG_4821,2,,,patriotic insert
469,3.00,est,,Yoshinobu Yamamoto,,Topps,,,,raw,,,Dodgers,18,,IMG_4821,4,,,art/living-set style
470,3.00,est,,Sam Darnold,,Panini,Select,,,raw,,,Panthers,14,,IMG_4822,5,,,
471,3.00,est,,Jordan Davis,,Panini,Select,Zebra,,raw,,,Eagles,90,,IMG_4824,2,,,
472,3.00,est,,Roberto Clemente,,Leaf,(sportscaster-style),,,raw,,,Pirates,21,,IMG_4830,2,,,
473,3.00,est,,Bam Adebayo,,Panini,Origins,Red,,raw,,,Heat,,,IMG_4831,1,Y,,confirm set
474,3.00,est,,Amon-Ra St. Brown,,Panini,Prizm,Pink,,raw,,,Lions,,,IMG_4832,2,,,
475,3.00,est,,Robert Quinn,,Panini,Mosaic,Gold,,raw,,,Bears,,,IMG_4832,3,,,
476,3.00,est,,Cade Cunningham,,Topps,Chrome Fanatical,,,raw,,,Pistons,2,,IMG_4833,2,,,
477,3.00,est,,Dawson Knox,,Panini,Mosaic,Gold,,raw,,,Bills,88,,IMG_4834,2,,,
478,3.00,est,,DK Metcalf,,Panini,Mosaic,Disco/Silver,,raw,,,Seahawks,,,IMG_4834,4,,,
479,3.00,est,,Terrell Davis,,Panini,Mosaic,Silver,,raw,,,Broncos,30,,IMG_4835,5,,,
480,3.00,est,,Lamar Odom,,Skybox,E-X E-Xceptional,Green,,raw,,,Clippers,7,,IMG_4840,6,,,
481,3.00,est,,Justin Herbert,,Panini,Mosaic,Cracked Ice/Silver,,raw,,,Chargers,10,,IMG_4842,3,,,
482,3.00,est,,TJ Dillashaw,,Panini,Select UFC,,,raw,,,UFC,,,IMG_4843,3,,,
483,3.00,est,,David Montgomery,,Panini,Select,Zebra,,raw,,,Lions,5,,IMG_4844,6,,,
484,3.00,est,,Jalen Brunson,,Topps,Chrome,Xfractor,,raw,,,Knicks,11,,IMG_4845,3,,,
485,3.00,est,,Travis Bazzana,,Bowman,Chrome Top 100,,,raw,,,Guardians,13,,IMG_4847,4,,,prospect
486,3.00,est,,George Kittle,,Panini,Mosaic Got Game?,Gold,,raw,,,49ers,,,IMG_4848,3,,,
487,3.00,est,,Garrett Wilson,,Panini,Mosaic England Games,Green,,raw,,,Jets,5,,IMG_4858,1,,,
488,3.00,est,,DeMarcus Ware,,Panini,Prizm,Silver,,raw,,,Broncos,94,,IMG_4859,3,,,
489,3.00,est,,Terrell Davis,,Panini,Prizm,Red,,raw,,,Broncos,30,,IMG_4859,4,,,
490,3.00,est,,C.J. Stroud,,Donruss,Optic Light It Up,,,raw,,,Texans,7,,IMG_4859,6,,,
491,3.00,est,,Drake Maye / Stefon Diggs,,Topps,Paramount Pairings,,,raw,,,Patriots,,,IMG_4860,3,,,dual
492,3.00,est,,Bo Nix / Courtland Sutton,,Topps,Paramount Pairings,,,raw,,,Broncos,,,IMG_4860,4,,,dual
493,3.00,est,,Drake Maye,,Topps,Total Touchdowns,,,raw,,,Patriots,10,,IMG_4860,6,,,
494,3.00,est,,Shaquille O'Neal,1996-97,Fleer,Hardwood Leader,,,raw,,,Magic,32,,IMG_4861,2,,,
495,3.00,est,,Scottie Pippen,,Upper Deck,,,,raw,,,Bulls,33,,IMG_4861,3,,,
496,3.00,est,,Shaquille O'Neal,,Upper Deck,Pros & Prospects ProActive,,,raw,,,Lakers,34,,IMG_4861,5,,,
497,3.00,est,,Roger Clemens / Trey Yesavage,,Donruss,Elite Back to the Future,,,raw,,,Blue Jays,,,IMG_4862,2,,,dual
498,3.00,est,,Chipper Jones,,Donruss,Elite,,,raw,,,Braves,,,IMG_4863,2,,,
499,3.00,est,,Roberto Clemente,,Topps,(1963 refractor insert),,,raw,,,Pirates,,,IMG_4863,3,,,
500,3.00,est,,Cam Smith,,Donruss,Elite,Gold,,raw,,,Astros,,,IMG_4863,6,,,
501,3.00,est,,Hank Aaron,,Topps,75th (1963 insert),,,raw,,,Braves,,,IMG_4864,1,,,
502,3.00,est,,Willie Mays,,Topps,75th (1963 insert),,,raw,,,Giants,,,IMG_4864,2,,,
503,3.00,est,,Elly De La Cruz,,Topps,Chrome 75th,,,raw,,,Reds,,,IMG_4864,3,,,
504,3.00,est,,Pete Rose,,Topps,75th (1963 insert),,,raw,,,Reds,,,IMG_4864,5,,,Pete Rose Debut
505,3.00,est,,Albert Pujols,,Topps,Heritage,,,raw,,,Cardinals,,,IMG_4864,6,,,
506,3.00,est,,Brock Bowers,,Panini,Mosaic Numbers Matter,,,raw,,,Raiders,89,,IMG_4865,2,,,
507,3.00,est,,Ladd McConkey,,Topps,Chrome,Gold Xfractor,,raw,,,Chargers,15,,IMG_4865,5,,,
508,3.00,est,,Jalen Brunson,,Panini,NBA Hoops All-Star,Holo,,raw,,,Knicks,,,IMG_4866,1,,,
509,3.00,est,,Karl Malone,,Panini,Prizm Representatives,,,raw,,,Jazz,32,,IMG_4866,4,,,
510,3.00,est,,Anthony Davis,,Panini,NBA Hoops Hoopers,,,raw,,,Mavericks,3,,IMG_4866,6,,,
511,3.00,est,,Luke Keaschall,,Donruss,Unleashed,,,raw,,,Twins,,,IMG_4868,2,,,
512,3.00,est,,Albert Pujols,,Donruss,Bomb Squad,,,raw,,,Cardinals,,,IMG_4868,3,,,
513,3.00,est,,Whit Merrifield,,Topps,,Green,,raw,,,Phillies,,,IMG_4868,6,,,
514,3.00,est,,Sam Jones,,Panini,Prizm,Gold,,raw,,,Celtics,24,,IMG_4869,1,,,
515,3.00,est,,Oscar Robertson,,Panini,Prizm,Blue,,raw,,,Bucks,1,,IMG_4869,3,,,
516,3.00,est,,Tyson Chandler,,Panini,Prizm,Purple,,raw,,,Mavericks,,,IMG_4869,4,,,
517,3.00,est,,Shaquille O'Neal,,Upper Deck,Pros & Prospects Star Command,,,raw,,,Lakers,34,,IMG_4869,5,,,
518,3.00,est,,Travis Etienne Jr.,,Panini,Gridiron Kings,,,raw,,,Jaguars,1,,IMG_4870,3,,,
519,3.00,est,,Anquan Boldin,,Panini,Prizm,,,raw,,,49ers,81,,IMG_4870,4,,,
520,3.00,est,,CeeDee Lamb,,Panini,Mosaic,Pink Camo,,raw,,,Cowboys,88,,IMG_4870,6,,,
521,3.00,est,,Saquon Barkley,,Topps,Chrome All-Chrome,,,raw,,,Eagles,26,,IMG_4871,1,,,
522,3.00,est,,Dak Prescott,,Panini,Select,Silver,,raw,,,Cowboys,,,IMG_4871,2,,,
523,3.00,est,,Larry Fitzgerald,,Panini,Mosaic Epic Performers,Green/Red,,raw,,,Cardinals,11,,IMG_4871,4,,,
524,3.00,est,,Peyton Manning,,Panini,Mosaic Men of Mastery,,,raw,,,Colts,18,,IMG_4871,5,,,
525,3.00,est,,Alvin Kamara,,Panini,Mosaic Overdrive,,,raw,,,Saints,41,,IMG_4871,6,,,
526,3.00,est,,Derrick Henry,,Panini,Mosaic Notoriety,Silver,,raw,,,Ravens,22,,IMG_4872,1,,,
527,3.00,est,,Justin Herbert,,Panini,Mosaic,Pink Camo,,raw,,,Chargers,10,,IMG_4872,2,,,
528,3.00,est,,Kyler Murray,,Panini,Mosaic,Pink Camo,,raw,,,Cardinals,1,,IMG_4872,3,,,
529,3.00,est,,Calvin Johnson,,Panini,Mosaic Touchdown Masters,,,raw,,,Lions,81,,IMG_4872,5,,,
530,3.00,est,,Dak Prescott,,Panini,Mosaic,Pink Camo,,raw,,,Cowboys,4,,IMG_4873,3,,,
531,3.00,est,,Larry Fitzgerald,,Panini,Mosaic Touchdown Masters,,,raw,,,Cardinals,11,,IMG_4873,4,,,
532,3.00,est,,Trey McBride,,Topps,(Round 2 Pick 23),,,raw,,,Cardinals,85,,IMG_4874,4,,,
533,3.00,est,,Josh Downs,,Topps,Chrome,Gold Xfractor,,raw,,,Colts,2,,IMG_4874,6,,,
534,3.00,est,,C.J. Stroud / Nico Collins,,Donruss,Optic Bash Brothers,,,raw,,,Texans,,,IMG_4875,5,,,dual
535,3.00,est,,Jason Kidd,,Topps,(The Game insert),,,raw,,,Suns,32,,IMG_4876,1,,,
536,3.00,est,,Allen Iverson,,Topps,Chrome,,,raw,,,76ers,3,,IMG_4876,6,,,
537,3.00,est,,Walker Kessler,,Panini,Limited,,,raw,,,Jazz,24,,IMG_4877,1,,,
538,3.00,est,,Anthony Davis,,Panini,Limited Star Factor,,,raw,,,Pelicans,23,,IMG_4877,5,,,
539,3.00,est,,Allen Iverson,,Upper Deck,Pros & Prospects,,,raw,,,76ers,3,,IMG_4878,5,,,
540,3.00,est,,Bulls player (confirm),2000-01,Upper Deck,Hardcourt Home Court Advantage,,,raw,,,Bulls,,,IMG_4879,1,Y,,confirm player
541,3.00,est,,76ers player (confirm - Iverson?),2000-01,Upper Deck,Hardcourt,,,raw,,,76ers,,,IMG_4879,2,Y,,confirm player
542,3.00,est,,Zydrunas Ilgauskas,2000-01,Upper Deck,Hardcourt Home Court Advantage,,,raw,,,Cavaliers,11,,IMG_4879,3,,,
543,3.00,est,,Patrick Ewing,2000-01,Upper Deck,Hardcourt,,,raw,,,Knicks,33,,IMG_4879,4,Y,,confirm player
544,3.00,est,,Ivica Zubac,,Panini,Prizm,Red Sparkle,,raw,,,Clippers,40,,IMG_4882,1,,,
545,3.00,est,,Ben Simmons,,Panini,Prizm,Red Sparkle,,raw,,,Nets,,,IMG_4882,2,,,
546,3.00,est,,Jordan Hawkins,,Panini,Prizm,Red Sparkle,,raw,,,Pelicans,24,,IMG_4882,4,,,
547,3.00,est,,Robert Williams III,,Panini,Prizm,Red Sparkle,,raw,,,Celtics,,,IMG_4882,5,,,
548,3.00,est,,James Wiseman,,Panini,Prizm,Red Sparkle,,raw,,,Warriors,,,IMG_4882,6,,,
549,3.00,est,,Kendrick Nunn,,Panini,Prizm,Red Sparkle,,raw,,,Lakers,12,,IMG_4883,6,,,
550,3.00,est,,Gerald Henderson,,Panini,Prizm,Blue,,raw,,,Hornets,9,,IMG_4884,1,,,
551,3.00,est,,Tim Duncan,,Upper Deck,Pros & Prospects,,,raw,,,Spurs,21,,IMG_4884,2,,,
552,3.00,est,,Marc Gasol,,Panini,Prizm,Blue,,raw,,,Grizzlies,,,IMG_4884,3,,,
553,3.00,est,,Kenneth Faried,,Panini,Prizm,Gold/Red,,raw,,,Nuggets,35,,IMG_4884,4,,,
554,3.00,est,,Tobias Harris,,Panini,Prizm,Blue,,raw,,,Magic,,,IMG_4884,5,,,
555,3.00,est,,Greg Monroe,,Panini,Prizm,Blue/Green,,raw,,,Pistons,,,IMG_4885,1,,,
556,3.00,est,,Brook Lopez,,Panini,Prizm,Gold/Red,,raw,,,Nets,11,,IMG_4885,2,,,
557,3.00,est,,Brandon Knight,,Panini,Prizm,Gold,,raw,,,Bucks,11,,IMG_4885,3,,,
558,3.00,est,,Chris Webber,,Upper Deck,Pros & Prospects ProActive,,,raw,,,Kings,,,IMG_4885,4,,,
559,3.00,est,,Vince Carter,,Upper Deck,Pros & Prospects,,,raw,,,Raptors,15,,IMG_4885,6,,,
560,3.00,est,,Jerry Sloan,,Panini,Prizm,,,raw,,,Bulls,,,IMG_4886,2,,,
561,3.00,est,,Craig Ehlo,,Panini,Prizm,,,raw,,,Cavaliers,,,IMG_4886,3,,,
562,3.00,est,,Kevin Durant,,Topps,(Round 1 Pick 2),,,raw,,,Rockets,7,,IMG_4886,4,,,
563,3.00,est,,Donovan Mitchell,,Topps,(Round 1 Pick 13),,,raw,,,Cavaliers,45,,IMG_4886,5,,,
564,3.00,est,,Jerry Stackhouse,,Upper Deck,Hardcourt,,,raw,,,Pistons,,,IMG_4886,6,,,
565,3.00,est,,Clippers player #15 (confirm),,Upper Deck,Hardcourt,,,raw,,,Clippers,15,,IMG_4887,1,Y,,confirm player
566,3.00,est,,Scottie Pippen,,Upper Deck,Pros & Prospects,,,raw,,,Trail Blazers,33,,IMG_4887,2,,,
567,3.00,est,,Chris Webber,,Upper Deck,Pros & Prospects Star Command,,,raw,,,Kings,4,,IMG_4887,3,,,
568,3.00,est,,Rajon Rondo,,Panini,NBA Hoops,,,raw,,,Celtics,9,,IMG_4887,4,,,
569,3.00,est,,Dalton Knecht,2025,Panini,NBA Hoops All-Star,Holo,,raw,,,Lakers,,,IMG_4887,5,,,
570,3.00,est,,Kevin Garnett,,Upper Deck,Hardcourt,,,raw,,,Timberwolves,21,,IMG_4887,6,,,
571,3.00,est,,Alperen Sengun,,Panini,NBA Hoops Playoffs,,,raw,,,Rockets,28,,IMG_4888,1,,,
572,3.00,est,,Marc Gasol,,Panini,Prizm Representatives,,,raw,,,Grizzlies,,,IMG_4888,2,,,
573,3.00,est,,Keith Van Horn,,Upper Deck,Hardcourt,,,raw,,,Nets,44,,IMG_4888,5,Y,,confirm team
574,3.00,est,,Patrick Ewing,,Topps,(Gallery/art),,,raw,,,Knicks,33,,IMG_4888,6,,,
575,3.00,est,,Michael Finley,,Panini,Prizm,,,raw,,,Spurs,4,,IMG_4889,2,,,
576,3.00,est,,Dennis Schroder,,Panini,Prizm,Blue,,raw,,,Hawks,17,,IMG_4889,4,,,
577,3.00,est,,Jason Terry,,Panini,Prizm,Green,,raw,,,Rockets,,,IMG_4889,5,,,
578,3.00,est,,Patrick Ewing,,Panini,Prizm,,,raw,,,Knicks,33,,IMG_4889,6,,,
579,3.00,est,,Zach Collins,,Panini,Prizm,Red Sparkle,,raw,,,Spurs,23,,IMG_4890,2,,,
580,3.00,est,,Jameer Nelson,,Panini,Prizm,Gold,,raw,,,Mavericks,14,,IMG_4890,3,,,
581,3.00,est,,Max Strus,,Panini,Prizm,Red Sparkle,,raw,,,Cavaliers,1,,IMG_4890,4,,,
582,3.00,est,,Spencer Turnbull,,Panini,Prizm,White Sparkle,,raw,,,Tigers,,,IMG_4892,2,,,
583,3.00,est,,Sammy Sosa,,Donruss,Bomb Squad,,,raw,,,Cubs,,,IMG_4892,6,,,
584,3.00,est,,Fernando Tatis Jr.,,Topps,Chrome Fanatical,,,raw,,,Padres,,,IMG_4893,2,,,
585,3.00,est,,Elston Howard,,Donruss,Optic,Orange,,raw,,,Yankees,,,IMG_4893,3,,,
586,3.00,est,,David Ortiz,,Donruss,,Red,,raw,,,Red Sox,,,IMG_4893,5,,,
587,3.00,est,,Jose Altuve,,Panini,Prizm,White Sparkle,,raw,,,Astros,27,,IMG_4894,1,,,
588,3.00,est,,Eddie Murray,,Topps,Chrome (1955 style),Gold Refractor,,raw,,,Orioles,,,IMG_4894,3,,,facsimile sig insert
589,3.00,est,,Javier Baez,,Donruss,,Purple,,raw,,,Tigers,,,IMG_4894,4,,,
590,3.00,est,,Julius Erving,,Panini,Prizm Legends,Red Cracked Ice,,raw,,,76ers,6,,IMG_4899,2,,,
591,3.00,est,,Ryan Braun,2019,Topps,,,,raw,,,Brewers,8,,IMG_4903,2,,,
592,3.00,est,,Hamburger SV player (confirm),,Topps,Chrome Wild Jungle,,,raw,,,Hamburger SV,,,IMG_4904,5,Y,,soccer insert; confirm player
593,3.00,est,,Grant Hill,1996-97,Fleer,Stackhouse's All-Fleer,,,raw,,,Pistons,33,,IMG_4905,2,,,
594,3.00,est,,Jason Kidd,1996-97,Fleer,Hardwood Leader,,,raw,,,Mavericks,5,,IMG_4905,3,,,
595,3.00,est,,Travis Kelce,,Topps,Chrome,,,raw,,,Chiefs,87,,IMG_4906,3,,,
596,3.00,est,,Arjun Nimmala,,Donruss,Elite Prospects,Orange,,raw,,,Blue Jays,,,IMG_4908,1,,,
597,3.00,est,,Ryan Sloan,,Donruss,Elite Prospects,Orange,,raw,,,Mariners,,,IMG_4908,2,,,
598,3.00,est,,Satchel Paige,,Donruss,,,,raw,,,St. Louis Browns,,,IMG_4908,4,,,
599,3.00,est,,Kirk Gibson,,Topps,Finest Timelines,,,raw,,,Dodgers,23,,IMG_4909,2,,,
600,3.00,est,,Brice Turang,,Topps,Finest,,,raw,,,Brewers,,,IMG_4909,3,,,
601,3.00,est,,Byron Buxton,,Topps,Finest,,,raw,,,Twins,25,,IMG_4909,4,,,
602,3.00,est,,Hunter Greene,,Topps,Finest,,,raw,,,Reds,21,,IMG_4910,2,,,
603,3.00,est,,Edwin Diaz,,Topps,Finest Team Finest,,,raw,,,Mets,,,IMG_4910,3,Y,,confirm team
604,3.00,est,,Corey Seager,,Topps,Finest,,,raw,,,Rangers,,,IMG_4910,6,,,
605,3.00,est,,Junior Caminero,,Topps,Finest,,,raw,,,Rays,,,IMG_4911,1,,,
606,3.00,est,,Corbin Carroll,,Topps,Finest Team Finest,,,raw,,,Diamondbacks,,,IMG_4911,2,,,
607,3.00,est,,Pete Crow-Armstrong,,Topps,Finest World's Finest,,,raw,,,Cubs,,,IMG_4911,3,,,
608,3.00,est,,Nolan Ryan,,Donruss,Elite,,,raw,,,Rangers,,,IMG_4911,4,,,
609,3.00,est,,Bryce Harper,,Topps,Finest World's Finest,,,raw,,,Phillies,,,IMG_4911,5,,,
610,3.00,est,,Cal Raleigh,,Topps,Finest Team Finest,,,raw,,,Mariners,,,IMG_4911,6,,,
611,3.00,est,,Carlos Rodon,,Topps,Finest,,,raw,,,Yankees,,,IMG_4911,8,,,
612,3.00,est,,Mitch Richmond,,Fleer,Tradition (Heart of Eastern),,,raw,,,Wizards,,,IMG_4912,2,,,
613,3.00,est,,Gary Payton,,Upper Deck,Pros & Prospects ProActive,,,raw,,,SuperSonics,20,,IMG_4912,3,,,
614,3.00,est,,Robert Traylor,,Fleer,Tradition,,,raw,,,Bucks,,,IMG_4913,2,,,
615,3.00,est,,Brandon Ingram,,Panini,Origins,,,raw,,,Pelicans,14,,IMG_4913,4,,,
616,3.00,est,,Bill Russell,,Panini,Prizm,Gold,,raw,,,Celtics,,,IMG_4913,5,,,
617,3.00,est,,Kemba Walker,,Panini,Origins,,,raw,,,Knicks,8,,IMG_4913,6,,,
618,3.00,est,,Dyson Daniels,,Topps,(Round 1 Pick 8),,,raw,,,Hawks,5,,IMG_4914,1,,,
619,3.00,est,,Steve Smith,,Fleer,Tradition Roundball,,,raw,,,Hawks,,,IMG_4914,3,,,
620,3.00,est,,Roshown McLeod,,Fleer,Tradition Roundball,,,raw,,,Hawks,,,IMG_4914,4,,,
621,3.00,est,,Ricky Davis,,Fleer,Tradition Roundball,,,raw,,,Hornets,,,IMG_4914,5,,,
622,3.00,est,,Corey Maggette,,Upper Deck,Hardcourt,,,raw,,,Clippers,,,IMG_4914,6,,,sealed
623,3.00,est,,Scottie Pippen,,Panini,NBA Hoops Supreme Court,,,raw,,,Bulls,33,,IMG_4915,1,,,sealed
624,3.00,est,,Antawn Jamison,,Upper Deck,Hardcourt,,,raw,,,Warriors,,,IMG_4915,4,,,
625,3.00,est,,Brent Barry,,Fleer,Tradition Roundball,,,raw,,,Bulls,,,IMG_4916,1,,,
626,3.00,est,,Jamal Mashburn,,Fleer,Tradition Roundball,,,raw,,,Heat,24,,IMG_4916,2,,,
627,3.00,est,,Calbert Cheaney,,Fleer,Tradition Roundball,,,raw,,,Wizards,,,IMG_4916,3,,,
628,3.00,est,,Chris Bosh,,Panini,Prizm,Blue,,raw,,,Heat,1,,IMG_4916,4,,,
629,3.00,est,,Dirk Nowitzki,,Upper Deck,Pros & Prospects,,,raw,,,Mavericks,41,,IMG_4916,5,,,
630,3.00,est,,Robert Traylor,,Fleer,Tradition Roundball,,,raw,,,Bucks,,,IMG_4916,6,,,
631,3.00,est,,Isaac Austin,,Fleer,Tradition Roundball,,,raw,,,Magic,,,IMG_4917,1,,,
632,3.00,est,,Wesley Person,,Fleer,Tradition Roundball,,,raw,,,Cavaliers,,,IMG_4917,3,,,
633,3.00,est,,Ayo Dosunmu,,Panini,Origins,Red,,raw,,,Bulls,12,,IMG_4917,5,,,
634,3.00,est,,Lee Nailon,,Fleer,Tradition Roundball,,,raw,,,Hornets,20,,IMG_4917,6,,,
635,3.00,est,,Ricky Davis,,Fleer,Tradition Roundball,,,raw,,,Hornets,,,IMG_4918,2,,,
636,3.00,est,,Dee Brown,,Fleer,Tradition Roundball,,,raw,,,Celtics,,,IMG_4918,3,,,
637,3.00,est,,Isaac Austin,,Fleer,Tradition Roundball,,,raw,,,Magic,,,IMG_4918,4,,,
638,3.00,est,,Brent Barry,,Fleer,Tradition Roundball,,,raw,,,Bulls,,,IMG_4918,5,,,
639,3.00,est,,Dana Barros,,Fleer,Tradition Roundball,,,raw,,,Celtics,11,,IMG_4918,6,,,
640,3.00,est,,Tiago Splitter,,Panini,Prizm,Blue,,raw,,,Spurs,22,,IMG_4919,3,,,
641,3.00,est,,David Robinson,,Upper Deck,Hardcourt,,,raw,,,Spurs,50,,IMG_4920,1,,,
642,3.00,est,,Trey Burke,,Panini,Prizm,Red,,raw,,,Jazz,3,,IMG_4920,2,,,
643,3.00,est,,Mike Bibby,,Fleer,Tradition Masters of the Hardwood,,,raw,,,Grizzlies,,,IMG_4920,4,,,
644,3.00,est,,Jarrett Allen,,Panini,Prizm,Blue Sparkle,,raw,,,Cavaliers,31,,IMG_4920,5,,,
645,3.00,est,,Gordon Hayward,,Panini,Prizm,Blue Sparkle,,raw,,,Hornets,20,,IMG_4920,6,,,
646,3.00,est,,John Wallace,,Fleer,Tradition Roundball,,,raw,,,Knicks,,,IMG_4921,1,,,
647,3.00,est,,Kevin Garnett,,Topps,Chrome,,,raw,,,Timberwolves,21,,IMG_4921,2,,,
648,3.00,est,,Isaiah Hartenstein,,Panini,NBA Hoops,,,raw,,,Thunder,55,,IMG_4921,4,,,
649,3.00,est,,Robert Traylor,1999,Fleer,Tradition Rookie Sensations,,,raw,,,Bucks,,,IMG_4922,2,,,
650,3.00,est,,Tyrese Haliburton,,Panini,NBA Hoops Highlights,,,raw,,,Pacers,0,,IMG_4923,1,,,
651,3.00,est,,Aaron Gordon,,Panini,NBA Hoops Highlights,,,raw,,,Nuggets,32,,IMG_4923,3,,,
652,3.00,est,,Jerami Grant,,Panini,Prizm,,,raw,,,Trail Blazers,9,,IMG_4923,4,,,
653,3.00,est,,Bobby Portis,,Panini,Prizm,Blue Sparkle,,raw,,,Bucks,,,IMG_4923,5,,,
654,3.00,est,,Bill Walton,,Panini,Prizm,,,raw,,,Clippers,,,IMG_4923,6,,,
655,3.00,est,,Lamar Jackson,,Topps,Chrome Power Players,,,raw,,,Ravens,,,IMG_4925,2,,,
656,3.00,est,,Kerry Joseph,,Topps,Chrome (insert),Checkerboard,,raw,,,Lions,,,IMG_4926,2,Y,,confirm player
657,3.00,est,,Marquez Valdes-Scantling,,Topps,Chrome,Pink Xfractor,,raw,,,Seahawks,,,IMG_4926,3,,,
658,3.00,est,,Browns Rookie Premiere (Sanders/Judkins et al),2025,Panini,Absolute Introductions,,,raw,,,Browns,,,IMG_4926,5,,,"group card, sealed"
659,3.00,est,,Lane Johnson,,Topps,Chrome,Pink Xfractor,,raw,,,Eagles,65,,IMG_4927,2,,,
660,3.00,est,,Jayden Daniels,,Panini,Mosaic Touchdown Masters,,,raw,,,Commanders,5,,IMG_4928,1,,,
661,3.00,est,,CeeDee Lamb,,Topps,Chrome All-Chrome,,,raw,,,Cowboys,88,,IMG_4928,2,,,
662,3.00,est,,Lane Johnson,,Topps,Chrome,,,raw,,,Eagles,65,,IMG_4928,3,,,
663,3.00,est,,Larry Fitzgerald,,Panini,Mosaic Men of Mastery,,,raw,,,Cardinals,11,,IMG_4928,5,,,
664,3.00,est,,Brian Urlacher,,Panini,Mosaic Hall of Fame,Red,,raw,,,Bears,54,,IMG_4929,1,,,
665,3.00,est,,Puka Nacua,,Panini,Mosaic Touchdown Masters,,,raw,,,Rams,17,,IMG_4929,3,,,
666,3.00,est,,Myles Garrett,,Topps,Chrome,,,raw,,,Browns,95,,IMG_4929,4,,,
667,3.00,est,,Travis Kelce,,Panini,Mosaic,Red,,raw,,,Chiefs,87,,IMG_4929,6,,,
668,3.00,est,,Mark Ingram II,,Panini,Mosaic,Silver,,raw,,,Ravens,21,,IMG_4930,1,,,
669,3.00,est,,Derrick Henry,,Panini,Mosaic,Silver,,raw,,,Titans,22,,IMG_4930,3,,,
670,3.00,est,,Micah McFadden,,Panini,Prizm,,,raw,,,Giants,,,IMG_4930,4,,,
671,3.00,est,,Rashod Bateman,,Panini,Prizm,,,raw,,,Ravens,7,,IMG_4930,5,,,
672,3.00,est,,Tee Higgins,,Topps,Chrome,Xfractor,,raw,,,Bengals,,,IMG_4931,3,,,
673,3.00,est,,Lamar Jackson,,Panini,Mosaic Montage,,,raw,,,Ravens,8,,IMG_4931,4,,,
674,3.00,est,,Lamar Jackson,,Panini,Mosaic Pro Bowl,,,raw,,,Ravens,8,,IMG_4931,6,,,
675,3.00,est,,DeAndre Hopkins,,Donruss,Optic,,,raw,,,Ravens,,,IMG_4932,5,,,
676,3.00,est,,Jahmyr Gibbs,,Panini,Mosaic Touchdown Masters,,,raw,,,Lions,26,,IMG_4932,6,,,
677,3.00,est,,Lamar Jackson,,Panini,Mosaic Touchdown Masters,,,raw,,,Ravens,8,,IMG_4933,1,,,
678,3.00,est,,Antonio Gates,,Panini,Mosaic Hall of Fame,,,raw,,,Chargers,85,,IMG_4933,2,,,
679,3.00,est,,Kareem Hunt,,Panini,Mosaic,Pink Camo,,raw,,,Chiefs,29,,IMG_4933,3,,,
680,3.00,est,,Brandon Aiyuk,,Topps,Chrome,,,raw,,,49ers,11,,IMG_4933,4,,,
681,3.00,est,,Joe Namath,,Panini,Mosaic,Green,,raw,,,Jets,12,,IMG_4933,5,,,
682,3.00,est,,Tim Brown,,Panini,Mosaic,Pink Camo,,raw,,,Raiders,81,,IMG_4933,7,,,
683,3.00,est,,Max Fried,,Panini,Prizm,White Sparkle,,raw,,,Braves,,,IMG_4934,1,,,
684,3.00,est,,Pie Traynor,,Donruss,Optic,,,raw,,,Pirates,,,IMG_4934,2,,,
685,3.00,est,,Bo Nix,,Topps,Chrome,,,raw,,,Broncos,10,,IMG_4935,2,,,sealed
686,3.00,est,,JuJu Watkins,,Bowman,University Chrome Prospects,,,raw,,,USC,12,,IMG_4937,1,,,womens college
687,3.00,est,,Shaquille O'Neal,,Topps,Xpectations,,,raw,,,Lakers,,,IMG_4939,1,,,
688,3.00,est,,Charles Barkley,,Topps,Chrome Power Core,,,raw,,,Rockets,4,,IMG_4939,3,,,
689,3.00,est,,Patrick Ewing,,Topps,Chrome Key Master,,,raw,,,Knicks,33,,IMG_4939,4,,,
690,3.00,est,,Clyde Drexler,,Topps,Chrome Shooting Stars,,,raw,,,Rockets,22,,IMG_4939,5,,,
691,3.00,est,,Shaquille O'Neal,,Upper Deck,Hardcourt Court Forces,,,raw,,,Lakers,34,,IMG_4940,5,,,
692,3.00,est,,George Kittle,,Topps,Finest,Xfractor,,raw,,,49ers,85,,IMG_4941,3,,,sealed
693,3.00,est,,Trey McBride,,Topps,Chrome Cosmic,,,raw,,,Cardinals,,,IMG_4942,2,,,sealed
694,3.00,est,,Christian McCaffrey,,Topps,Chrome,Pink Xfractor,,raw,,,49ers,23,,IMG_4942,5,,,sealed
695,3.00,est,,Bob Love,,Panini,Prizm,Gold,,raw,,,Bulls,10,,IMG_4943,1,,,
696,3.00,est,,Julius Randle,,Panini,Origins,,,raw,,,Knicks,30,,IMG_4943,2,,,
697,3.00,est,,Mark Williams,,Panini,Prizm,Blue,,raw,,,Hornets,,,IMG_4943,3,,,
698,3.00,est,,Reggie Miller,,Upper Deck,Hardcourt Court Forces,,,raw,,,Pacers,31,,IMG_4943,6,,,
699,3.00,est,,Tim Duncan,,Panini,Prizm,Silver,,raw,,,Spurs,21,,IMG_4944,1,,,
700,3.00,est,,Allen Iverson,,Upper Deck,Hardcourt Court Forces,,,raw,,,76ers,3,,IMG_4944,2,,,
701,3.00,est,,Moses Malone,,Panini,Prizm,Gold,,raw,,,Rockets,24,,IMG_4944,3,,,
702,3.00,est,,David Robinson,,Panini,Prizm,Purple,,raw,,,Spurs,50,,IMG_4944,4,,,
703,3.00,est,,Ken Griffey Jr.,,Upper Deck,Collector's Choice 101 Collecting,,,raw,,,Mariners,,,IMG_4946,1,,,sealed
704,3.00,est,,Mariano Rivera,,Donruss,,,,raw,,,Yankees,,,IMG_4946,3,,,
705,3.00,est,,Myles Garrett,,Panini,Mosaic,Red,,raw,,,Browns,95,,IMG_4948,1,,,
706,3.00,est,,Cody Zeller,,Panini,Prizm,Blue,,raw,,,Hornets,40,,IMG_4949,4,,,
707,3.00,est,,Trent McDuffie,,Panini,Prizm,,,raw,,,Chiefs,22,,IMG_4950,1,,,
708,3.00,est,,Larry Fitzgerald,,Panini,Mosaic Men of Mastery,White Sparkle,,raw,,,Cardinals,11,,IMG_4950,4,,,sealed
709,3.00,est,,Tracy McGrady,,Topps,,,,raw,,,Raptors,1,,IMG_4951,1,,,
710,3.00,est,,Clyde Drexler,,Topps,Chrome Topps 40,,,raw,,,Rockets,22,,IMG_4951,3,,,
711,3.00,est,,Eddie Jones,,Topps,Chrome Topps 40,,,raw,,,Lakers,,,IMG_4951,4,,,
712,3.00,est,,Paul Pierce,,Upper Deck,Pros & Prospects,,,raw,,,Celtics,34,,IMG_4951,5,,,
713,3.00,est,,Anfernee Hardaway,,Topps,Chrome Topps 40,,,raw,,,Magic,,,IMG_4951,6,,,
714,3.00,est,,Jrue Holiday,,Panini,Prizm,Red Sparkle,,raw,,,Bucks,21,,IMG_4952,1,,,
715,3.00,est,,Clyde Drexler,,Topps,Chrome Topps 40,,,raw,,,Rockets,22,,IMG_4952,2,,,
716,3.00,est,,Shaquille O'Neal,,Panini,Prizm,Silver,,raw,,,Magic,32,,IMG_4952,4,,,
717,3.00,est,,Deandre Ayton,,Panini,Prizm,Red Sparkle,,raw,,,Suns,,,IMG_4952,5,,,
718,3.00,est,,Collin Sexton,,Panini,Prizm,Red Sparkle,,raw,,,Jazz,,,IMG_4952,6,,,
719,3.00,est,,Antawn Jamison,,Fleer,Tradition Rookie Sensations,,,raw,,,Warriors,7,,IMG_4953,1,,,
720,3.00,est,,Kyrie Irving,,Panini,NBA Hoops,,,raw,,,Mavericks,11,,IMG_4953,3,,,
721,3.00,est,,Joe Smith,,Topps,Chrome Topps 40,,,raw,,,Nuggets,32,,IMG_4953,4,,,
722,3.00,est,,Mike Bibby,,Fleer,Tradition Masters of the Hardwood,,,raw,,,Grizzlies,10,,IMG_4953,5,,,
723,3.00,est,,Chauncey Billups,,Upper Deck,Hardcourt,,,raw,,,Raptors,3,,IMG_4953,6,,,
724,3.00,est,,Jimmy Butler III,,Panini,NBA Hoops,,,raw,,,Warriors,10,,IMG_4954,1,,,
725,3.00,est,,Kevin Garnett,,Upper Deck,Pros & Prospects,,,raw,,,Timberwolves,21,,IMG_4954,2,,,
726,3.00,est,,Christian Laettner,,Topps,Chrome Topps 40,,,raw,,,Hawks,32,,IMG_4954,3,,,
